# factory-slot-wire-v1	source-sha256=b55c8b125d272fcb04e81a9b968dfa193202d94bbd1f1f245bacb33896164037
factory-v3-001	1	02115C0046005A3C000001F41900C8000000004B	02115C0090005A3C000001F41900C8000000009D
factory-v3-001	2	02125C0046005A3C000001F41900C80000000048	02125C0090005A3C000001F41900C8000000009E
factory-v3-001	3	02135C0046005A3C000001F41900C80000000049	02135C0090005A3C000001F41900C8000000009F
factory-v3-001	4	02145C0046005A3C000001F41900C8000000004E	02145C0090005A3C000001F41900C80000000098
factory-v3-001	5	02155C0046005A3C000001F41900C8000000004F	02155C0090005A3C000001F41900C80000000099
factory-v3-002	1	02195D004B051E5A3C0000960501C200960000B6	02195D004B051E5A3C0000960501C200960000B6
factory-v3-002	2	021A5D004B051E5A3C0000960501C200960000B5	021A5D004B051E5A3C0000960501C200960000B5
factory-v3-002	3	021B5D004B051E5A3C0000960501C200960000B4	021B5D004B051E5A3C0000960501C200960000B4
factory-v3-002	4	021C5D004B051E5A3C0000960501C200960000B3	021C5D004B051E5A3C0000960501C200960000B3
factory-v3-002	5	021D5D004B051E5A3C0000960501C200960000B2	021D5D004B051E5A3C0000960501C200960000B2
factory-v3-003	1	02D15C00960A141E0000009600054600000000CC	02D15C00960A141E0000009600054600000000CC
factory-v3-003	2	02D25C00960A141E0000009600054600000000CF	02D25C00960A141E0000009600054600000000CF
factory-v3-003	3	02D35C00960A141E0000009600054600000000CE	02D35C00960A141E0000009600054600000000CE
factory-v3-003	4	02D45C00960A141E0000009600054600000000C9	02D45C00960A141E0000009600054600000000C9
factory-v3-003	5	02D55C00960A141E0000009600054600000000C8	02D55C00960A141E0000009600054600000000C8
factory-v3-004	1	02195C00500A325A3C00012C0501C20032000090	02195C00500A325A3C00012C0501C20032000090
factory-v3-004	2	021A5C00500A325A3C00012C0501C20032000093	021A5C00500A325A3C00012C0501C20032000093
factory-v3-004	3	021B5C00500A325A3C00012C0501C20032000092	021B5C00500A325A3C00012C0501C20032000092
factory-v3-004	4	021C5C00500A325A3C00012C0501C20032000095	021C5C00500A325A3C00012C0501C20032000095
factory-v3-004	5	021D5C00500A325A3C00012C0501C20032000094	021D5C00500A325A3C00012C0501C20032000094
factory-v3-005	1	02D15C0064003214000002580C0190000000000A	02D15C0064003214000002580C0190000000000A
factory-v3-005	2	02D25C0064003214000002580C01900000000009	02D25C0064003214000002580C01900000000009
factory-v3-005	3	02D35C0064003214000002580C01900000000008	02D35C0064003214000002580C01900000000008
factory-v3-005	4	02D45C0064003214000002580C0190000000000F	02D45C0064003214000002580C0190000000000F
factory-v3-005	5	02D55C0064003214000002580C0190000000000E	02D55C0064003214000002580C0190000000000E
factory-v3-006	1	02D95C004603142D190000FA06015E0064000025	02D95C004603142D190000FA06015E0064000025
factory-v3-006	2	02DA5C004603142D190000FA06015E0064000026	02DA5C004603142D190000FA06015E0064000026
factory-v3-006	3	02DB5C004603142D190000FA06015E0064000027	02DB5C004603142D190000FA06015E0064000027
factory-v3-006	4	02DC5C004603142D190000FA06015E0064000020	02DC5C004603142D190000FA06015E0064000020
factory-v3-006	5	02DD5C004603142D190000FA06015E0064000021	02DD5C004603142D190000FA06015E0064000021
factory-v3-007	1	02D95C004600142D1900009606015E00C80000E6	02D95C009000142D1900009606015E00C8000030
factory-v3-007	2	02DA5C004600142D1900009606015E00C80000E5	02DA5C009000142D1900009606015E00C8000033
factory-v3-007	3	02DB5C004600142D1900009606015E00C80000E4	02DB5C009000142D1900009606015E00C8000032
factory-v3-007	4	02DC5C004600142D1900009606015E00C80000E3	02DC5C009000142D1900009606015E00C8000035
factory-v3-007	5	02DD5C004600142D1900009606015E00C80000E2	02DD5C009000142D1900009606015E00C8000034
factory-v3-008	1	02115C003C03145A000000C80601900000000061	02115C005803145A000000C80601900000000005
factory-v3-008	2	02125C003C03145A000000C80601900000000062	02125C005803145A000000C80601900000000006
factory-v3-008	3	02135C003C03145A000000C80601900000000063	02135C005803145A000000C80601900000000007
factory-v3-008	4	02145C003C03145A000000C80601900000000064	02145C005803145A000000C80601900000000000
factory-v3-008	5	02155C003C03145A000000C80601900000000065	02155C005803145A000000C80601900000000001
factory-v3-009	1	02115B0034005A460000015E1600AA0000000083	02115B006C005A460000015E1600AA00000000DB
factory-v3-009	2	02125B0034005A460000015E1600AA0000000080	02125B006C005A460000015E1600AA00000000D8
factory-v3-009	3	02135B0034005A460000015E1600AA0000000081	02135B006C005A460000015E1600AA00000000D9
factory-v3-009	4	02145B0034005A460000015E1600AA0000000086	02145B006C005A460000015E1600AA00000000DE
factory-v3-009	5	02155B0034005A460000015E1600AA0000000087	02155B006C005A460000015E1600AA00000000DF
factory-v3-010	1	02115B005A00553C000002581C012C0000000010	02115B005A00553C000002581C012C0000000010
factory-v3-010	2	02125B005A00553C000002581C012C0000000013	02125B005A00553C000002581C012C0000000013
factory-v3-010	3	02135B005A00553C000002581C012C0000000012	02135B005A00553C000002581C012C0000000012
factory-v3-010	4	02145B005A00553C000002581C012C0000000015	02145B005A00553C000002581C012C0000000015
factory-v3-010	5	02155B005A00553C000002581C012C0000000014	02155B005A00553C000002581C012C0000000014
factory-v3-011	1	02D95C00410014281400009605015E00960000B4	02D95C00800014281400009605015E0096000075
factory-v3-011	2	02DA5C00410014281400009605015E00960000B7	02DA5C00800014281400009605015E0096000076
factory-v3-011	3	02DB5C00410014281400009605015E00960000B6	02DB5C00800014281400009605015E0096000077
factory-v3-011	4	02DC5C00410014281400009605015E00960000B1	02DC5C00800014281400009605015E0096000070
factory-v3-011	5	02DD5C00410014281400009605015E00960000B0	02DD5C00800014281400009605015E0096000071
factory-v3-012	1	02195C003F02145A4100009605012C00B400007F	02195C007002145A4100009605012C00B4000030
factory-v3-012	2	021A5C003F02145A4100009605012C00B400007C	021A5C007002145A4100009605012C00B4000033
factory-v3-012	3	021B5C003F02145A4100009605012C00B400007D	021B5C007002145A4100009605012C00B4000032
factory-v3-012	4	021C5C003F02145A4100009605012C00B400007A	021C5C007002145A4100009605012C00B4000035
factory-v3-012	5	021D5C003F02145A4100009605012C00B400007B	021D5C007002145A4100009605012C00B4000034
factory-v3-013	1	02195C004605195A3C0000B40601A40064000008	02195C009005195A3C0000B40601A400640000DE
factory-v3-013	2	021A5C004605195A3C0000B40601A4006400000B	021A5C009005195A3C0000B40601A400640000DD
factory-v3-013	3	021B5C004605195A3C0000B40601A4006400000A	021B5C009005195A3C0000B40601A400640000DC
factory-v3-013	4	021C5C004605195A3C0000B40601A4006400000D	021C5C009005195A3C0000B40601A400640000DB
factory-v3-013	5	021D5C004605195A3C0000B40601A4006400000C	021D5C009005195A3C0000B40601A400640000DA
factory-v3-014	1	02115A0041004632000001C21A00C8000000006D	02115A0088004632000001C21A00C800000000A4
factory-v3-014	2	02125A0041004632000001C21A00C8000000006E	02125A0088004632000001C21A00C800000000A7
factory-v3-014	3	02135A0041004632000001C21A00C8000000006F	02135A0088004632000001C21A00C800000000A6
factory-v3-014	4	02145A0041004632000001C21A00C80000000068	02145A0088004632000001C21A00C800000000A1
factory-v3-014	5	02155A0041004632000001C21A00C80000000069	02155A0088004632000001C21A00C800000000A0
factory-v3-015	1	02195C00460814553C0000FA0A015E00640000BF	02195C00460814553C0000FA0A015E00640000BF
factory-v3-015	2	021A5C00460814553C0000FA0A015E00640000BC	021A5C00460814553C0000FA0A015E00640000BC
factory-v3-015	3	021B5C00460814553C0000FA0A015E00640000BD	021B5C00460814553C0000FA0A015E00640000BD
factory-v3-015	4	021C5C00460814553C0000FA0A015E00640000BA	021C5C00460814553C0000FA0A015E00640000BA
factory-v3-015	5	021D5C00460814553C0000FA0A015E00640000BB	021D5C00460814553C0000FA0A015E00640000BB
factory-v3-016	1	02D95C0046001423140000B406019000780000B9	02D95C0090001423140000B4060190007800006F
factory-v3-016	2	02DA5C0046001423140000B406019000780000BA	02DA5C0090001423140000B4060190007800006C
factory-v3-016	3	02DB5C0046001423140000B406019000780000BB	02DB5C0090001423140000B4060190007800006D
factory-v3-016	4	02DC5C0046001423140000B406019000780000BC	02DC5C0090001423140000B4060190007800006A
factory-v3-016	5	02DD5C0046001423140000B406019000780000BD	02DD5C0090001423140000B4060190007800006B
factory-v3-017	1	02D95A0055001432190000C80501F40096000045	02D95A0055001432190000C80501F40096000045
factory-v3-017	2	02DA5A0055001432190000C80501F40096000046	02DA5A0055001432190000C80501F40096000046
factory-v3-017	3	02DB5A0055001432190000C80501F40096000047	02DB5A0055001432190000C80501F40096000047
factory-v3-017	4	02DC5A0055001432190000C80501F40096000040	02DC5A0055001432190000C80501F40096000040
factory-v3-017	5	02DD5A0055001432190000C80501F40096000041	02DD5A0055001432190000C80501F40096000041
factory-v3-018	1	02115C0046005A3C0000022619009600000000C4	02115C0090005A3C000002261900960000000012
factory-v3-018	2	02125C0046005A3C0000022619009600000000C7	02125C0090005A3C000002261900960000000011
factory-v3-018	3	02135C0046005A3C0000022619009600000000C6	02135C0090005A3C000002261900960000000010
factory-v3-018	4	02145C0046005A3C0000022619009600000000C1	02145C0090005A3C000002261900960000000017
factory-v3-018	5	02155C0046005A3C0000022619009600000000C0	02155C0090005A3C000002261900960000000016
factory-v3-019	1	02115C0028005A3C0000012C160064000000005E	02115C0048005A3C0000012C160064000000003E
factory-v3-019	2	02125C0028005A3C0000012C160064000000005D	02125C0048005A3C0000012C160064000000003D
factory-v3-019	3	02135C0028005A3C0000012C160064000000005C	02135C0048005A3C0000012C160064000000003C
factory-v3-019	4	02145C0028005A3C0000012C160064000000005B	02145C0048005A3C0000012C160064000000003B
factory-v3-019	5	02155C0028005A3C0000012C160064000000005A	02155C0048005A3C0000012C160064000000003A
factory-v3-020	1	02195B0046001E5F3C00009605019000960000EF	02195B0090001E5F3C0000960501900096000039
factory-v3-020	2	021A5B0046001E5F3C00009605019000960000EC	021A5B0090001E5F3C000096050190009600003A
factory-v3-020	3	021B5B0046001E5F3C00009605019000960000ED	021B5B0090001E5F3C000096050190009600003B
factory-v3-020	4	021C5B0046001E5F3C00009605019000960000EA	021C5B0090001E5F3C000096050190009600003C
factory-v3-020	5	021D5B0046001E5F3C00009605019000960000EB	021D5B0090001E5F3C000096050190009600003D
factory-v3-021	1	02D95B00410014160F00009606019000640000A9	02D95B00410014160F00009606019000640000A9
factory-v3-021	2	02DA5B00410014160F00009606019000640000AA	02DA5B00410014160F00009606019000640000AA
factory-v3-021	3	02DB5B00410014160F00009606019000640000AB	02DB5B00410014160F00009606019000640000AB
factory-v3-021	4	02DC5B00410014160F00009606019000640000AC	02DC5B00410014160F00009606019000640000AC
factory-v3-021	5	02DD5B00410014160F00009606019000640000AD	02DD5B00410014160F00009606019000640000AD
factory-v3-022	1	02D95C00460014321E0000780401C200820000C4	02D95C00460014321E0000780401C200820000C4
factory-v3-022	2	02DA5C00460014321E0000780401C200820000C7	02DA5C00460014321E0000780401C200820000C7
factory-v3-022	3	02DB5C00460014321E0000780401C200820000C6	02DB5C00460014321E0000780401C200820000C6
factory-v3-022	4	02DC5C00460014321E0000780401C200820000C1	02DC5C00460014321E0000780401C200820000C1
factory-v3-022	5	02DD5C00460014321E0000780401C200820000C0	02DD5C00460014321E0000780401C200820000C0
factory-v3-023	1	02195B003700145A3C00007805015E0050000077	02195B007000145A3C00007805015E0050000030
factory-v3-023	2	021A5B003700145A3C00007805015E0050000074	021A5B007000145A3C00007805015E0050000033
factory-v3-023	3	021B5B003700145A3C00007805015E0050000075	021B5B007000145A3C00007805015E0050000032
factory-v3-023	4	021C5B003700145A3C00007805015E0050000072	021C5B007000145A3C00007805015E0050000035
factory-v3-023	5	021D5B003700145A3C00007805015E0050000073	021D5B007000145A3C00007805015E0050000034
factory-v3-024	1	02115C0041005A3C000002261B00640000000033	02115C0090005A3C000002261B006400000000E2
factory-v3-024	2	02125C0041005A3C000002261B00640000000030	02125C0090005A3C000002261B006400000000E1
factory-v3-024	3	02135C0041005A3C000002261B00640000000031	02135C0090005A3C000002261B006400000000E0
factory-v3-024	4	02145C0041005A3C000002261B00640000000036	02145C0090005A3C000002261B006400000000E7
factory-v3-024	5	02155C0041005A3C000002261B00640000000037	02155C0090005A3C000002261B006400000000E6
factory-v3-025	1	02195C004B0614553C0000FA0801900064000070	02195C004B0614553C0000FA0801900064000070
factory-v3-025	2	021A5C004B0614553C0000FA0801900064000073	021A5C004B0614553C0000FA0801900064000073
factory-v3-025	3	021B5C004B0614553C0000FA0801900064000072	021B5C004B0614553C0000FA0801900064000072
factory-v3-025	4	021C5C004B0614553C0000FA0801900064000075	021C5C004B0614553C0000FA0801900064000075
factory-v3-025	5	021D5C004B0614553C0000FA0801900064000074	021D5C004B0614553C0000FA0801900064000074
factory-v3-026	1	02D95C0044001926120000A005017C008C0000BA	02D95C0088001926120000A005017C008C000076
factory-v3-026	2	02DA5C0044001926120000A005017C008C0000B9	02DA5C0088001926120000A005017C008C000075
factory-v3-026	3	02DB5C0044001926120000A005017C008C0000B8	02DB5C0088001926120000A005017C008C000074
factory-v3-026	4	02DC5C0044001926120000A005017C008C0000BF	02DC5C0088001926120000A005017C008C000073
factory-v3-026	5	02DD5C0044001926120000A005017C008C0000BE	02DD5C0088001926120000A005017C008C000072
factory-v3-027	1	02195C003203145A4100009605011800460000B5	02195C005003145A4100009605011800460000D7
factory-v3-027	2	021A5C003203145A4100009605011800460000B6	021A5C005003145A4100009605011800460000D4
factory-v3-027	3	021B5C003203145A4100009605011800460000B7	021B5C005003145A4100009605011800460000D5
factory-v3-027	4	021C5C003203145A4100009605011800460000B0	021C5C005003145A4100009605011800460000D2
factory-v3-027	5	021D5C003203145A4100009605011800460000B1	021D5C005003145A4100009605011800460000D3
factory-v3-028	1	02D95C0046041428160000C806019000640000D4	02D95C0046041428160000C806019000640000D4
factory-v3-028	2	02DA5C0046041428160000C806019000640000D7	02DA5C0046041428160000C806019000640000D7
factory-v3-028	3	02DB5C0046041428160000C806019000640000D6	02DB5C0046041428160000C806019000640000D6
factory-v3-028	4	02DC5C0046041428160000C806019000640000D1	02DC5C0046041428160000C806019000640000D1
factory-v3-028	5	02DD5C0046041428160000C806019000640000D0	02DD5C0046041428160000C806019000640000D0
factory-v3-029	1	02115B0048005A37000002261C00AA00000000FF	02115B0090005A37000002261C00AA0000000027
factory-v3-029	2	02125B0048005A37000002261C00AA00000000FC	02125B0090005A37000002261C00AA0000000024
factory-v3-029	3	02135B0048005A37000002261C00AA00000000FD	02135B0090005A37000002261C00AA0000000025
factory-v3-029	4	02145B0048005A37000002261C00AA00000000FA	02145B0090005A37000002261C00AA0000000022
factory-v3-029	5	02155B0048005A37000002261C00AA00000000FB	02155B0090005A37000002261C00AA0000000023
factory-v3-030	1	02195D005105145A3C0000C808019000D20000E3	02195D00B405145A3C0000C808019000D2000006
factory-v3-030	2	021A5D005105145A3C0000C808019000D20000E0	021A5D00B405145A3C0000C808019000D2000005
factory-v3-030	3	021B5D005105145A3C0000C808019000D20000E1	021B5D00B405145A3C0000C808019000D2000004
factory-v3-030	4	021C5D005105145A3C0000C808019000D20000E6	021C5D00B405145A3C0000C808019000D2000003
factory-v3-030	5	021D5D005105145A3C0000C808019000D20000E7	021D5D00B405145A3C0000C808019000D2000002
factory-v3-031	1	02195D004B05145A3C0000C808015E00C800002D	02195D004B05145A3C0000C808015E00C800002D
factory-v3-031	2	021A5D004B05145A3C0000C808015E00C800002E	021A5D004B05145A3C0000C808015E00C800002E
factory-v3-031	3	021B5D004B05145A3C0000C808015E00C800002F	021B5D004B05145A3C0000C808015E00C800002F
factory-v3-031	4	021C5D004B05145A3C0000C808015E00C8000028	021C5D004B05145A3C0000C808015E00C8000028
factory-v3-031	5	021D5D004B05145A3C0000C808015E00C8000029	021D5D004B05145A3C0000C808015E00C8000029
factory-v3-032	1	02195E004600145A3C00009606019000960000E6	02195E008C00145A3C000096060190009600002C
factory-v3-032	2	021A5E004600145A3C00009606019000960000E5	021A5E008C00145A3C000096060190009600002F
factory-v3-032	3	021B5E004600145A3C00009606019000960000E4	021B5E008C00145A3C000096060190009600002E
factory-v3-032	4	021C5E004600145A3C00009606019000960000E3	021C5E008C00145A3C0000960601900096000029
factory-v3-032	5	021D5E004600145A3C00009606019000960000E2	021D5E008C00145A3C0000960601900096000028
factory-v3-033	1	02195E00500A14553C0000FA0A01900096000095	02195E00500A14553C0000FA0A01900096000095
factory-v3-033	2	021A5E00500A14553C0000FA0A01900096000096	021A5E00500A14553C0000FA0A01900096000096
factory-v3-033	3	021B5E00500A14553C0000FA0A01900096000097	021B5E00500A14553C0000FA0A01900096000097
factory-v3-033	4	021C5E00500A14553C0000FA0A01900096000090	021C5E00500A14553C0000FA0A01900096000090
factory-v3-033	5	021D5E00500A14553C0000FA0A01900096000091	021D5E00500A14553C0000FA0A01900096000091
factory-v3-034	1	02195E004E06195A370000B40701A400B40000DB	02195E00A806195A370000B40701A400B400003D
factory-v3-034	2	021A5E004E06195A370000B40701A400B40000D8	021A5E00A806195A370000B40701A400B400003E
factory-v3-034	3	021B5E004E06195A370000B40701A400B40000D9	021B5E00A806195A370000B40701A400B400003F
factory-v3-034	4	021C5E004E06195A370000B40701A400B40000DE	021C5E00A806195A370000B40701A400B4000038
factory-v3-034	5	021D5E004E06195A370000B40701A400B40000DF	021D5E00A806195A370000B40701A400B4000039
factory-v3-035	1	02195D004B05145A3C0000A00601B800960000F3	02195D004B05145A3C0000A00601B800960000F3
factory-v3-035	2	021A5D004B05145A3C0000A00601B800960000F0	021A5D004B05145A3C0000A00601B800960000F0
factory-v3-035	3	021B5D004B05145A3C0000A00601B800960000F1	021B5D004B05145A3C0000A00601B800960000F1
factory-v3-035	4	021C5D004B05145A3C0000A00601B800960000F6	021C5D004B05145A3C0000A00601B800960000F6
factory-v3-035	5	021D5D004B05145A3C0000A00601B800960000F7	021D5D004B05145A3C0000A00601B800960000F7
factory-v3-036	1	02D15C008C081423000000C80004B00000000040	02D15C008C081423000000C80004B00000000040
factory-v3-036	2	02D25C008C081423000000C80004B00000000043	02D25C008C081423000000C80004B00000000043
factory-v3-036	3	02D35C008C081423000000C80004B00000000042	02D35C008C081423000000C80004B00000000042
factory-v3-036	4	02D45C008C081423000000C80004B00000000045	02D45C008C081423000000C80004B00000000045
factory-v3-036	5	02D55C008C081423000000C80004B00000000044	02D55C008C081423000000C80004B00000000044
factory-v3-037	1	02D95D00500514140F0000B40801F400780000ED	02D95D00500514140F0000B40801F400780000ED
factory-v3-037	2	02DA5D00500514140F0000B40801F400780000EE	02DA5D00500514140F0000B40801F400780000EE
factory-v3-037	3	02DB5D00500514140F0000B40801F400780000EF	02DB5D00500514140F0000B40801F400780000EF
factory-v3-037	4	02DC5D00500514140F0000B40801F400780000E8	02DC5D00500514140F0000B40801F400780000E8
factory-v3-037	5	02DD5D00500514140F0000B40801F400780000E9	02DD5D00500514140F0000B40801F400780000E9
factory-v3-038	1	02D95D004B04142D190000960501C2009600002F	02D95D004B04142D190000960501C2009600002F
factory-v3-038	2	02DA5D004B04142D190000960501C2009600002C	02DA5D004B04142D190000960501C2009600002C
factory-v3-038	3	02DB5D004B04142D190000960501C2009600002D	02DB5D004B04142D190000960501C2009600002D
factory-v3-038	4	02DC5D004B04142D190000960501C2009600002A	02DC5D004B04142D190000960501C2009600002A
factory-v3-038	5	02DD5D004B04142D190000960501C2009600002B	02DD5D004B04142D190000960501C2009600002B
factory-v3-039	1	02D95D0046051423140000A0060190008C00005D	02D95D0090051423140000A0060190008C00008B
factory-v3-039	2	02DA5D0046051423140000A0060190008C00005E	02DA5D0090051423140000A0060190008C000088
factory-v3-039	3	02DB5D0046051423140000A0060190008C00005F	02DB5D0090051423140000A0060190008C000089
factory-v3-039	4	02DC5D0046051423140000A0060190008C000058	02DC5D0090051423140000A0060190008C00008E
factory-v3-039	5	02DD5D0046051423140000A0060190008C000059	02DD5D0090051423140000A0060190008C00008F
factory-v3-040	1	02195E003605145A3C000096060118006E0000E3	02195E007005145A3C000096060118006E0000A5
factory-v3-040	2	021A5E003605145A3C000096060118006E0000E0	021A5E007005145A3C000096060118006E0000A6
factory-v3-040	3	021B5E003605145A3C000096060118006E0000E1	021B5E007005145A3C000096060118006E0000A7
factory-v3-040	4	021C5E003605145A3C000096060118006E0000E6	021C5E007005145A3C000096060118006E0000A0
factory-v3-040	5	021D5E003605145A3C000096060118006E0000E7	021D5E007005145A3C000096060118006E0000A1
factory-v3-041	1	02195D005F051450370000C807022600C800004C	02195D005F051450370000C807022600C800004C
factory-v3-041	2	021A5D005F051450370000C807022600C800004F	021A5D005F051450370000C807022600C800004F
factory-v3-041	3	021B5D005F051450370000C807022600C800004E	021B5D005F051450370000C807022600C800004E
factory-v3-041	4	021C5D005F051450370000C807022600C8000049	021C5D005F051450370000C807022600C8000049
factory-v3-041	5	021D5D005F051450370000C807022600C8000048	021D5D005F051450370000C807022600C8000048
factory-v3-042	1	02195E004B05145F320000B406019000AA0000FB	02195E00A005145F320000B406019000AA000010
factory-v3-042	2	021A5E004B05145F320000B406019000AA0000F8	021A5E00A005145F320000B406019000AA000013
factory-v3-042	3	021B5E004B05145F320000B406019000AA0000F9	021B5E00A005145F320000B406019000AA000012
factory-v3-042	4	021C5E004B05145F320000B406019000AA0000FE	021C5E00A005145F320000B406019000AA000015
factory-v3-042	5	021D5E004B05145F320000B406019000AA0000FF	021D5E00A005145F320000B406019000AA000014
factory-v3-043	1	02195C004B06144B320000C808019000960000A0	02195C004B06144B320000C808019000960000A0
factory-v3-043	2	021A5C004B06144B320000C808019000960000A3	021A5C004B06144B320000C808019000960000A3
factory-v3-043	3	021B5C004B06144B320000C808019000960000A2	021B5C004B06144B320000C808019000960000A2
factory-v3-043	4	021C5C004B06144B320000C808019000960000A5	021C5C004B06144B320000C808019000960000A5
factory-v3-043	5	021D5C004B06144B320000C808019000960000A4	021D5C004B06144B320000C808019000960000A4
factory-v3-044	1	02D15B00A00A0F1C000000C80005780000000084	02D15B00A00A0F1C000000C80005780000000084
factory-v3-044	2	02D25B00A00A0F1C000000C80005780000000087	02D25B00A00A0F1C000000C80005780000000087
factory-v3-044	3	02D35B00A00A0F1C000000C80005780000000086	02D35B00A00A0F1C000000C80005780000000086
factory-v3-044	4	02D45B00A00A0F1C000000C80005780000000081	02D45B00A00A0F1C000000C80005780000000081
factory-v3-044	5	02D55B00A00A0F1C000000C80005780000000080	02D55B00A00A0F1C000000C80005780000000080
factory-v3-045	1	02195D004E05145A3C0000B40701A400B40000DD	02195D00A805145A3C0000B40701A400B400003B
factory-v3-045	2	021A5D004E05145A3C0000B40701A400B40000DE	021A5D00A805145A3C0000B40701A400B4000038
factory-v3-045	3	021B5D004E05145A3C0000B40701A400B40000DF	021B5D00A805145A3C0000B40701A400B4000039
factory-v3-045	4	021C5D004E05145A3C0000B40701A400B40000D8	021C5D00A805145A3C0000B40701A400B400003E
factory-v3-045	5	021D5D004E05145A3C0000B40701A400B40000D9	021D5D00A805145A3C0000B40701A400B400003F
factory-v3-046	1	02195E004C05195A3C0000A00601C20096000080	02195E004C05195A3C0000A00601C20096000080
factory-v3-046	2	021A5E004C05195A3C0000A00601C20096000083	021A5E004C05195A3C0000A00601C20096000083
factory-v3-046	3	021B5E004C05195A3C0000A00601C20096000082	021B5E004C05195A3C0000A00601C20096000082
factory-v3-046	4	021C5E004C05195A3C0000A00601C20096000085	021C5E004C05195A3C0000A00601C20096000085
factory-v3-046	5	021D5E004C05195A3C0000A00601C20096000084	021D5E004C05195A3C0000A00601C20096000084
factory-v3-047	1	02D95D0050061419120000C80801C2009600005A	02D95D0050061419120000C80801C2009600005A
factory-v3-047	2	02DA5D0050061419120000C80801C20096000059	02DA5D0050061419120000C80801C20096000059
factory-v3-047	3	02DB5D0050061419120000C80801C20096000058	02DB5D0050061419120000C80801C20096000058
factory-v3-047	4	02DC5D0050061419120000C80801C2009600005F	02DC5D0050061419120000C80801C2009600005F
factory-v3-047	5	02DD5D0050061419120000C80801C2009600005E	02DD5D0050061419120000C80801C2009600005E
factory-v3-048	1	02195D005105145A3C0000C80801C200A00000C3	02195D00B405145A3C0000C80801C200A0000026
factory-v3-048	2	021A5D005105145A3C0000C80801C200A00000C0	021A5D00B405145A3C0000C80801C200A0000025
factory-v3-048	3	021B5D005105145A3C0000C80801C200A00000C1	021B5D00B405145A3C0000C80801C200A0000024
factory-v3-048	4	021C5D005105145A3C0000C80801C200A00000C6	021C5D00B405145A3C0000C80801C200A0000023
factory-v3-048	5	021D5D005105145A3C0000C80801C200A00000C7	021D5D00B405145A3C0000C80801C200A0000022
factory-v3-049	1	02D95C005A051428190000C80602260096000081	02D95C005A051428190000C80602260096000081
factory-v3-049	2	02DA5C005A051428190000C80602260096000082	02DA5C005A051428190000C80602260096000082
factory-v3-049	3	02DB5C005A051428190000C80602260096000083	02DB5C005A051428190000C80602260096000083
factory-v3-049	4	02DC5C005A051428190000C80602260096000084	02DC5C005A051428190000C80602260096000084
factory-v3-049	5	02DD5C005A051428190000C80602260096000085	02DD5C005A051428190000C80602260096000085
factory-v3-050	1	02195D004B0C0F553C0001180C015E0078000055	02195D004B0C0F553C0001180C015E0078000055
factory-v3-050	2	021A5D004B0C0F553C0001180C015E0078000056	021A5D004B0C0F553C0001180C015E0078000056
factory-v3-050	3	021B5D004B0C0F553C0001180C015E0078000057	021B5D004B0C0F553C0001180C015E0078000057
factory-v3-050	4	021C5D004B0C0F553C0001180C015E0078000050	021C5D004B0C0F553C0001180C015E0078000050
factory-v3-050	5	021D5D004B0C0F553C0001180C015E0078000051	021D5D004B0C0F553C0001180C015E0078000051
factory-v3-051	1	02195D00410414553C00009606017C00780000EB	02195D00800414553C00009606017C007800002A
factory-v3-051	2	021A5D00410414553C00009606017C00780000E8	021A5D00800414553C00009606017C0078000029
factory-v3-051	3	021B5D00410414553C00009606017C00780000E9	021B5D00800414553C00009606017C0078000028
factory-v3-051	4	021C5D00410414553C00009606017C00780000EE	021C5D00800414553C00009606017C007800002F
factory-v3-051	5	021D5D00410414553C00009606017C00780000EF	021D5D00800414553C00009606017C007800002E
factory-v3-052	1	02D95D004E051420140000B40701C2009600000B	02D95D004E051420140000B40701C2009600000B
factory-v3-052	2	02DA5D004E051420140000B40701C20096000008	02DA5D004E051420140000B40701C20096000008
factory-v3-052	3	02DB5D004E051420140000B40701C20096000009	02DB5D004E051420140000B40701C20096000009
factory-v3-052	4	02DC5D004E051420140000B40701C2009600000E	02DC5D004E051420140000B40701C2009600000E
factory-v3-052	5	02DD5D004E051420140000B40701C2009600000F	02DD5D004E051420140000B40701C2009600000F
factory-v3-053	1	02115C0046005A3C000001F41900C8000000004B	02115C0090005A3C000001F41900C8000000009D
factory-v3-053	2	02125C0046005A3C000001F41900C80000000048	02125C0090005A3C000001F41900C8000000009E
factory-v3-053	3	02135C0046005A3C000001F41900C80000000049	02135C0090005A3C000001F41900C8000000009F
factory-v3-053	4	02145C0046005A3C000001F41900C8000000004E	02145C0090005A3C000001F41900C80000000098
factory-v3-053	5	02155C0046005A3C000001F41900C8000000004F	02155C0090005A3C000001F41900C80000000099
factory-v3-054	1	02195C004B04145A3C0000C806019000960000B3	02195C004B04145A3C0000C806019000960000B3
factory-v3-054	2	021A5C004B04145A3C0000C806019000960000B0	021A5C004B04145A3C0000C806019000960000B0
factory-v3-054	3	021B5C004B04145A3C0000C806019000960000B1	021B5C004B04145A3C0000C806019000960000B1
factory-v3-054	4	021C5C004B04145A3C0000C806019000960000B6	021C5C004B04145A3C0000C806019000960000B6
factory-v3-054	5	021D5C004B04145A3C0000C806019000960000B7	021D5C004B04145A3C0000C806019000960000B7
factory-v3-055	1	02D95C004600142816000096050190009600007F	02D95C00900014281600009605019000960000A9
factory-v3-055	2	02DA5C004600142816000096050190009600007C	02DA5C00900014281600009605019000960000AA
factory-v3-055	3	02DB5C004600142816000096050190009600007D	02DB5C00900014281600009605019000960000AB
factory-v3-055	4	02DC5C004600142816000096050190009600007A	02DC5C00900014281600009605019000960000AC
factory-v3-055	5	02DD5C004600142816000096050190009600007B	02DD5C00900014281600009605019000960000AD
factory-v3-056	1	02195C003C03145A4100009605015E00640000DF	02195C007003145A4100009605015E0064000093
factory-v3-056	2	021A5C003C03145A4100009605015E00640000DC	021A5C007003145A4100009605015E0064000090
factory-v3-056	3	021B5C003C03145A4100009605015E00640000DD	021B5C007003145A4100009605015E0064000091
factory-v3-056	4	021C5C003C03145A4100009605015E00640000DA	021C5C007003145A4100009605015E0064000096
factory-v3-056	5	021D5C003C03145A4100009605015E00640000DB	021D5C007003145A4100009605015E0064000097
factory-v3-057	1	02195C004100145A3C00008C05017C0082000002	02195C008000145A3C00008C05017C00820000C3
factory-v3-057	2	021A5C004100145A3C00008C05017C0082000001	021A5C008000145A3C00008C05017C00820000C0
factory-v3-057	3	021B5C004100145A3C00008C05017C0082000000	021B5C008000145A3C00008C05017C00820000C1
factory-v3-057	4	021C5C004100145A3C00008C05017C0082000007	021C5C008000145A3C00008C05017C00820000C6
factory-v3-057	5	021D5C004100145A3C00008C05017C0082000006	021D5C008000145A3C00008C05017C00820000C7
factory-v3-058	1	02195C004805195A3C0000B4060190008C0000DA	02195C009005195A3C0000B4060190008C000002
factory-v3-058	2	021A5C004805195A3C0000B4060190008C0000D9	021A5C009005195A3C0000B4060190008C000001
factory-v3-058	3	021B5C004805195A3C0000B4060190008C0000D8	021B5C009005195A3C0000B4060190008C000000
factory-v3-058	4	021C5C004805195A3C0000B4060190008C0000DF	021C5C009005195A3C0000B4060190008C000007
factory-v3-058	5	021D5C004805195A3C0000B4060190008C0000DE	021D5C009005195A3C0000B4060190008C000006
factory-v3-059	1	02115B0034005A410000015E1600AA0000000084	02115B006C005A410000015E1600AA00000000DC
factory-v3-059	2	02125B0034005A410000015E1600AA0000000087	02125B006C005A410000015E1600AA00000000DF
factory-v3-059	3	02135B0034005A410000015E1600AA0000000086	02135B006C005A410000015E1600AA00000000DE
factory-v3-059	4	02145B0034005A410000015E1600AA0000000081	02145B006C005A410000015E1600AA00000000D9
factory-v3-059	5	02155B0034005A410000015E1600AA0000000080	02155B006C005A410000015E1600AA00000000D8
factory-v3-060	1	02115B005A00553C000002581C012C0000000010	02115B005A00553C000002581C012C0000000010
factory-v3-060	2	02125B005A00553C000002581C012C0000000013	02125B005A00553C000002581C012C0000000013
factory-v3-060	3	02135B005A00553C000002581C012C0000000012	02135B005A00553C000002581C012C0000000012
factory-v3-060	4	02145B005A00553C000002581C012C0000000015	02145B005A00553C000002581C012C0000000015
factory-v3-060	5	02155B005A00553C000002581C012C0000000014	02155B005A00553C000002581C012C0000000014
factory-v3-061	1	02D95C0046001426140000A0050190008C00005F	02D95C0046001426140000A0050190008C00005F
factory-v3-061	2	02DA5C0046001426140000A0050190008C00005C	02DA5C0046001426140000A0050190008C00005C
factory-v3-061	3	02DB5C0046001426140000A0050190008C00005D	02DB5C0046001426140000A0050190008C00005D
factory-v3-061	4	02DC5C0046001426140000A0050190008C00005A	02DC5C0046001426140000A0050190008C00005A
factory-v3-061	5	02DD5C0046001426140000A0050190008C00005B	02DD5C0046001426140000A0050190008C00005B
factory-v3-062	1	02195B00460314553C0000960501A400820000CC	02195B00900314553C0000960501A4008200001A
factory-v3-062	2	021A5B00460314553C0000960501A400820000CF	021A5B00900314553C0000960501A40082000019
factory-v3-062	3	021B5B00460314553C0000960501A400820000CE	021B5B00900314553C0000960501A40082000018
factory-v3-062	4	021C5B00460314553C0000960501A400820000C9	021C5B00900314553C0000960501A4008200001F
factory-v3-062	5	021D5B00460314553C0000960501A400820000C8	021D5B00900314553C0000960501A4008200001E
factory-v3-063	1	02195D004B05145A3C0000B40601A400960000FB	02195D004B05145A3C0000B40601A400960000FB
factory-v3-063	2	021A5D004B05145A3C0000B40601A400960000F8	021A5D004B05145A3C0000B40601A400960000F8
factory-v3-063	3	021B5D004B05145A3C0000B40601A400960000F9	021B5D004B05145A3C0000B40601A400960000F9
factory-v3-063	4	021C5D004B05145A3C0000B40601A400960000FE	021C5D004B05145A3C0000B40601A400960000FE
factory-v3-063	5	021D5D004B05145A3C0000B40601A400960000FF	021D5D004B05145A3C0000B40601A400960000FF
factory-v3-064	1	02195C00480914553C0000F00901680078000093	02195C00480914553C0000F00901680078000093
factory-v3-064	2	021A5C00480914553C0000F00901680078000090	021A5C00480914553C0000F00901680078000090
factory-v3-064	3	021B5C00480914553C0000F00901680078000091	021B5C00480914553C0000F00901680078000091
factory-v3-064	4	021C5C00480914553C0000F00901680078000096	021C5C00480914553C0000F00901680078000096
factory-v3-064	5	021D5C00480914553C0000F00901680078000097	021D5C00480914553C0000F00901680078000097
factory-v3-065	1	02D95C0046001430190000780401C200820000C1	02D95C0046001430190000780401C200820000C1
factory-v3-065	2	02DA5C0046001430190000780401C200820000C2	02DA5C0046001430190000780401C200820000C2
factory-v3-065	3	02DB5C0046001430190000780401C200820000C3	02DB5C0046001430190000780401C200820000C3
factory-v3-065	4	02DC5C0046001430190000780401C200820000C4	02DC5C0046001430190000780401C200820000C4
factory-v3-065	5	02DD5C0046001430190000780401C200820000C5	02DD5C0046001430190000780401C200820000C5
factory-v3-066	1	02D95B0044001417100000960601900082000054	02D95B0044001417100000960601900082000054
factory-v3-066	2	02DA5B0044001417100000960601900082000057	02DA5B0044001417100000960601900082000057
factory-v3-066	3	02DB5B0044001417100000960601900082000056	02DB5B0044001417100000960601900082000056
factory-v3-066	4	02DC5B0044001417100000960601900082000051	02DC5B0044001417100000960601900082000051
factory-v3-066	5	02DD5B0044001417100000960601900082000050	02DD5B0044001417100000960601900082000050
factory-v3-067	1	02115C0046005A3C000002261A009600000000C7	02115C0090005A3C000002261A00960000000011
factory-v3-067	2	02125C0046005A3C000002261A009600000000C4	02125C0090005A3C000002261A00960000000012
factory-v3-067	3	02135C0046005A3C000002261A009600000000C5	02135C0090005A3C000002261A00960000000013
factory-v3-067	4	02145C0046005A3C000002261A009600000000C2	02145C0090005A3C000002261A00960000000014
factory-v3-067	5	02155C0046005A3C000002261A009600000000C3	02155C0090005A3C000002261A00960000000015
factory-v3-068	1	02115C0028005A3C0000012C160064000000005E	02115C0048005A3C0000012C160064000000003E
factory-v3-068	2	02125C0028005A3C0000012C160064000000005D	02125C0048005A3C0000012C160064000000003D
factory-v3-068	3	02135C0028005A3C0000012C160064000000005C	02135C0048005A3C0000012C160064000000003C
factory-v3-068	4	02145C0028005A3C0000012C160064000000005B	02145C0048005A3C0000012C160064000000003B
factory-v3-068	5	02155C0028005A3C0000012C160064000000005A	02155C0048005A3C0000012C160064000000003A
factory-v3-069	1	02D95B005503142D190000B405020800960000DB	02D95B005503142D190000B405020800960000DB
factory-v3-069	2	02DA5B005503142D190000B405020800960000D8	02DA5B005503142D190000B405020800960000D8
factory-v3-069	3	02DB5B005503142D190000B405020800960000D9	02DB5B005503142D190000B405020800960000D9
factory-v3-069	4	02DC5B005503142D190000B405020800960000DE	02DC5B005503142D190000B405020800960000DE
factory-v3-069	5	02DD5B005503142D190000B405020800960000DF	02DD5B005503142D190000B405020800960000DF
factory-v3-070	1	02195C003F02145A4100008C05014000AA000017	02195C006802145A4100008C05014000AA000040
factory-v3-070	2	021A5C003F02145A4100008C05014000AA000014	021A5C006802145A4100008C05014000AA000043
factory-v3-070	3	021B5C003F02145A4100008C05014000AA000015	021B5C006802145A4100008C05014000AA000042
factory-v3-070	4	021C5C003F02145A4100008C05014000AA000012	021C5C006802145A4100008C05014000AA000045
factory-v3-070	5	021D5C003F02145A4100008C05014000AA000013	021D5C006802145A4100008C05014000AA000044
factory-v3-071	1	02195C004600195F3C00008C0501A4008C0000DB	02195C009000195F3C00008C0501A4008C00000D
factory-v3-071	2	021A5C004600195F3C00008C0501A4008C0000D8	021A5C009000195F3C00008C0501A4008C00000E
factory-v3-071	3	021B5C004600195F3C00008C0501A4008C0000D9	021B5C009000195F3C00008C0501A4008C00000F
factory-v3-071	4	021C5C004600195F3C00008C0501A4008C0000DE	021C5C009000195F3C00008C0501A4008C000008
factory-v3-071	5	021D5C004600195F3C00008C0501A4008C0000DF	021D5C009000195F3C00008C0501A4008C000009
factory-v3-072	1	02195B004603144B370000A00501A40078000015	02195B004603144B370000A00501A40078000015
factory-v3-072	2	021A5B004603144B370000A00501A40078000016	021A5B004603144B370000A00501A40078000016
factory-v3-072	3	021B5B004603144B370000A00501A40078000017	021B5B004603144B370000A00501A40078000017
factory-v3-072	4	021C5B004603144B370000A00501A40078000010	021C5B004603144B370000A00501A40078000010
factory-v3-072	5	021D5B004603144B370000A00501A40078000011	021D5B004603144B370000A00501A40078000011
factory-v3-073	1	02D95C0048041424140000B40601A40078000080	02D95C0048041424140000B40601A40078000080
factory-v3-073	2	02DA5C0048041424140000B40601A40078000083	02DA5C0048041424140000B40601A40078000083
factory-v3-073	3	02DB5C0048041424140000B40601A40078000082	02DB5C0048041424140000B40601A40078000082
factory-v3-073	4	02DC5C0048041424140000B40601A40078000085	02DC5C0048041424140000B40601A40078000085
factory-v3-073	5	02DD5C0048041424140000B40601A40078000084	02DD5C0048041424140000B40601A40078000084
factory-v3-074	1	02D95C0044001423120000960501900082000066	02D95C00880014231200009605019000820000AA
factory-v3-074	2	02DA5C0044001423120000960501900082000065	02DA5C00880014231200009605019000820000A9
factory-v3-074	3	02DB5C0044001423120000960501900082000064	02DB5C00880014231200009605019000820000A8
factory-v3-074	4	02DC5C0044001423120000960501900082000063	02DC5C00880014231200009605019000820000AF
factory-v3-074	5	02DD5C0044001423120000960501900082000062	02DD5C00880014231200009605019000820000AE
factory-v3-075	1	02115C0048005A37000002261C00AA00000000F8	02115C0090005A37000002261C00AA0000000020
factory-v3-075	2	02125C0048005A37000002261C00AA00000000FB	02125C0090005A37000002261C00AA0000000023
factory-v3-075	3	02135C0048005A37000002261C00AA00000000FA	02135C0090005A37000002261C00AA0000000022
factory-v3-075	4	02145C0048005A37000002261C00AA00000000FD	02145C0090005A37000002261C00AA0000000025
factory-v3-075	5	02155C0048005A37000002261C00AA00000000FC	02155C0090005A37000002261C00AA0000000024
factory-v3-076	1	02195B003700145A3C00007804015E0050000076	02195B007000145A3C00007804015E0050000031
factory-v3-076	2	021A5B003700145A3C00007804015E0050000075	021A5B007000145A3C00007804015E0050000032
factory-v3-076	3	021B5B003700145A3C00007804015E0050000074	021B5B007000145A3C00007804015E0050000033
factory-v3-076	4	021C5B003700145A3C00007804015E0050000073	021C5B007000145A3C00007804015E0050000034
factory-v3-076	5	021D5B003700145A3C00007804015E0050000072	021D5B007000145A3C00007804015E0050000035
factory-v3-077	1	02195C004603145A3C00009605019000960000E4	02195C009003145A3C0000960501900096000032
factory-v3-077	2	021A5C004603145A3C00009605019000960000E7	021A5C009003145A3C0000960501900096000031
factory-v3-077	3	021B5C004603145A3C00009605019000960000E6	021B5C009003145A3C0000960501900096000030
factory-v3-077	4	021C5C004603145A3C00009605019000960000E1	021C5C009003145A3C0000960501900096000037
factory-v3-077	5	021D5C004603145A3C00009605019000960000E0	021D5C009003145A3C0000960501900096000036
factory-v3-078	1	02195D00550C285A3C0001180A01C200780000F9	02195D00550C285A3C0001180A01C200780000F9
factory-v3-078	2	021A5D00550C285A3C0001180A01C200780000FA	021A5D00550C285A3C0001180A01C200780000FA
factory-v3-078	3	021B5D00550C285A3C0001180A01C200780000FB	021B5D00550C285A3C0001180A01C200780000FB
factory-v3-078	4	021C5D00550C285A3C0001180A01C200780000FC	021C5D00550C285A3C0001180A01C200780000FC
factory-v3-078	5	021D5D00550C285A3C0001180A01C200780000FD	021D5D00550C285A3C0001180A01C200780000FD
factory-v3-079	1	02D95C005A081E120C0000FA0A01F40096000046	02D95C005A081E120C0000FA0A01F40096000046
factory-v3-079	2	02DA5C005A081E120C0000FA0A01F40096000045	02DA5C005A081E120C0000FA0A01F40096000045
factory-v3-079	3	02DB5C005A081E120C0000FA0A01F40096000044	02DB5C005A081E120C0000FA0A01F40096000044
factory-v3-079	4	02DC5C005A081E120C0000FA0A01F40096000043	02DC5C005A081E120C0000FA0A01F40096000043
factory-v3-079	5	02DD5C005A081E120C0000FA0A01F40096000042	02DD5C005A081E120C0000FA0A01F40096000042
factory-v3-080	1	02195D0050061E643C0000C80601C200960000CD	02195D0050061E643C0000C80601C200960000CD
factory-v3-080	2	021A5D0050061E643C0000C80601C200960000CE	021A5D0050061E643C0000C80601C200960000CE
factory-v3-080	3	021B5D0050061E643C0000C80601C200960000CF	021B5D0050061E643C0000C80601C200960000CF
factory-v3-080	4	021C5D0050061E643C0000C80601C200960000C8	021C5D0050061E643C0000C80601C200960000C8
factory-v3-080	5	021D5D0050061E643C0000C80601C200960000C9	021D5D0050061E643C0000C80601C200960000C9
factory-v3-081	1	02195D00550F145A3C00012C0F0190009600004B	02195D00550F145A3C00012C0F0190009600004B
factory-v3-081	2	021A5D00550F145A3C00012C0F01900096000048	021A5D00550F145A3C00012C0F01900096000048
factory-v3-081	3	021B5D00550F145A3C00012C0F01900096000049	021B5D00550F145A3C00012C0F01900096000049
factory-v3-081	4	021C5D00550F145A3C00012C0F0190009600004E	021C5D00550F145A3C00012C0F0190009600004E
factory-v3-081	5	021D5D00550F145A3C00012C0F0190009600004F	021D5D00550F145A3C00012C0F0190009600004F
factory-v3-082	1	02D95C00780528160F0001900A025800C80000C2	02D95C00780528160F0001900A025800C80000C2
factory-v3-082	2	02DA5C00780528160F0001900A025800C80000C1	02DA5C00780528160F0001900A025800C80000C1
factory-v3-082	3	02DB5C00780528160F0001900A025800C80000C0	02DB5C00780528160F0001900A025800C80000C0
factory-v3-082	4	02DC5C00780528160F0001900A025800C80000C7	02DC5C00780528160F0001900A025800C80000C7
factory-v3-082	5	02DD5C00780528160F0001900A025800C80000C6	02DD5C00780528160F0001900A025800C80000C6
factory-v3-083	1	02195C003C08285F3C0000C808012C00640000B1	02195C003C08285F3C0000C808012C00640000B1
factory-v3-083	2	021A5C003C08285F3C0000C808012C00640000B2	021A5C003C08285F3C0000C808012C00640000B2
factory-v3-083	3	021B5C003C08285F3C0000C808012C00640000B3	021B5C003C08285F3C0000C808012C00640000B3
factory-v3-083	4	021C5C003C08285F3C0000C808012C00640000B4	021C5C003C08285F3C0000C808012C00640000B4
factory-v3-083	5	021D5C003C08285F3C0000C808012C00640000B5	021D5C003C08285F3C0000C808012C00640000B5
factory-v3-084	1	02D95B0064061E19120000FA08025800960000C9	02D95B0064061E19120000FA08025800960000C9
factory-v3-084	2	02DA5B0064061E19120000FA08025800960000CA	02DA5B0064061E19120000FA08025800960000CA
factory-v3-084	3	02DB5B0064061E19120000FA08025800960000CB	02DB5B0064061E19120000FA08025800960000CB
factory-v3-084	4	02DC5B0064061E19120000FA08025800960000CC	02DC5B0064061E19120000FA08025800960000CC
factory-v3-084	5	02DD5B0064061E19120000FA08025800960000CD	02DD5B0064061E19120000FA08025800960000CD
factory-v3-085	1	02195C0050051E5A3C0000C80601F40064000035	02195C0050051E5A3C0000C80601F40064000035
factory-v3-085	2	021A5C0050051E5A3C0000C80601F40064000036	021A5C0050051E5A3C0000C80601F40064000036
factory-v3-085	3	021B5C0050051E5A3C0000C80601F40064000037	021B5C0050051E5A3C0000C80601F40064000037
factory-v3-085	4	021C5C0050051E5A3C0000C80601F40064000030	021C5C0050051E5A3C0000C80601F40064000030
factory-v3-085	5	021D5C0050051E5A3C0000C80601F40064000031	021D5C0050051E5A3C0000C80601F40064000031
factory-v3-086	1	02E15C005A061E141C0F00C808015E00FA0064FB	02E15C005A061E141C0F00C808015E00FA0064FB
factory-v3-086	2	02E25C005A061E141C0F00C808015E00FA0064F8	02E25C005A061E141C0F00C808015E00FA0064F8
factory-v3-086	3	02E35C005A061E141C0F00C808015E00FA0064F9	02E35C005A061E141C0F00C808015E00FA0064F9
factory-v3-086	4	02E45C005A061E141C0F00C808015E00FA0064FE	02E45C005A061E141C0F00C808015E00FA0064FE
factory-v3-086	5	02E55C005A061E141C0F00C808015E00FA0064FF	02E55C005A061E141C0F00C808015E00FA0064FF
factory-v3-087	1	02D95C00640A1919120000FA08025800960000C5	02D95C00640A1919120000FA08025800960000C5
factory-v3-087	2	02DA5C00640A1919120000FA08025800960000C6	02DA5C00640A1919120000FA08025800960000C6
factory-v3-087	3	02DB5C00640A1919120000FA08025800960000C7	02DB5C00640A1919120000FA08025800960000C7
factory-v3-087	4	02DC5C00640A1919120000FA08025800960000C0	02DC5C00640A1919120000FA08025800960000C0
factory-v3-087	5	02DD5C00640A1919120000FA08025800960000C1	02DD5C00640A1919120000FA08025800960000C1
factory-v3-088	1	02195E00550C195A370001180C01A4009600004E	02195E00550C195A370001180C01A4009600004E
factory-v3-088	2	021A5E00550C195A370001180C01A4009600004D	021A5E00550C195A370001180C01A4009600004D
factory-v3-088	3	021B5E00550C195A370001180C01A4009600004C	021B5E00550C195A370001180C01A4009600004C
factory-v3-088	4	021C5E00550C195A370001180C01A4009600004B	021C5E00550C195A370001180C01A4009600004B
factory-v3-088	5	021D5E00550C195A370001180C01A4009600004A	021D5E00550C195A370001180C01A4009600004A
factory-v3-089	1	02195A0050081E5A3C0000DC0801C200820000F4	02195A0050081E5A3C0000DC0801C200820000F4
factory-v3-089	2	021A5A0050081E5A3C0000DC0801C200820000F7	021A5A0050081E5A3C0000DC0801C200820000F7
factory-v3-089	3	021B5A0050081E5A3C0000DC0801C200820000F6	021B5A0050081E5A3C0000DC0801C200820000F6
factory-v3-089	4	021C5A0050081E5A3C0000DC0801C200820000F1	021C5A0050081E5A3C0000DC0801C200820000F1
factory-v3-089	5	021D5A0050081E5A3C0000DC0801C200820000F0	021D5A0050081E5A3C0000DC0801C200820000F0
factory-v3-090	1	02D15B00A00A1419000000C8000578000000009A	02D15B00A00A1419000000C8000578000000009A
factory-v3-090	2	02D25B00A00A1419000000C80005780000000099	02D25B00A00A1419000000C80005780000000099
factory-v3-090	3	02D35B00A00A1419000000C80005780000000098	02D35B00A00A1419000000C80005780000000098
factory-v3-090	4	02D45B00A00A1419000000C8000578000000009F	02D45B00A00A1419000000C8000578000000009F
factory-v3-090	5	02D55B00A00A1419000000C8000578000000009E	02D55B00A00A1419000000C8000578000000009E
factory-v3-091	1	02195D005508325F320000FA0801C200960000E3	02195D005508325F320000FA0801C200960000E3
factory-v3-091	2	021A5D005508325F320000FA0801C200960000E0	021A5D005508325F320000FA0801C200960000E0
factory-v3-091	3	021B5D005508325F320000FA0801C200960000E1	021B5D005508325F320000FA0801C200960000E1
factory-v3-091	4	021C5D005508325F320000FA0801C200960000E6	021C5D005508325F320000FA0801C200960000E6
factory-v3-091	5	021D5D005508325F320000FA0801C200960000E7	021D5D005508325F320000FA0801C200960000E7
factory-v3-092	1	02D95C005A0A1E0F0A0000FA0C01F40096000059	02D95C005A0A1E0F0A0000FA0C01F40096000059
factory-v3-092	2	02DA5C005A0A1E0F0A0000FA0C01F4009600005A	02DA5C005A0A1E0F0A0000FA0C01F4009600005A
factory-v3-092	3	02DB5C005A0A1E0F0A0000FA0C01F4009600005B	02DB5C005A0A1E0F0A0000FA0C01F4009600005B
factory-v3-092	4	02DC5C005A0A1E0F0A0000FA0C01F4009600005C	02DC5C005A0A1E0F0A0000FA0C01F4009600005C
factory-v3-092	5	02DD5C005A0A1E0F0A0000FA0C01F4009600005D	02DD5C005A0A1E0F0A0000FA0C01F4009600005D
factory-v3-093	1	02195D00550A285A3C0000FA0A01C200960000F2	02195D00550A285A3C0000FA0A01C200960000F2
factory-v3-093	2	021A5D00550A285A3C0000FA0A01C200960000F1	021A5D00550A285A3C0000FA0A01C200960000F1
factory-v3-093	3	021B5D00550A285A3C0000FA0A01C200960000F0	021B5D00550A285A3C0000FA0A01C200960000F0
factory-v3-093	4	021C5D00550A285A3C0000FA0A01C200960000F7	021C5D00550A285A3C0000FA0A01C200960000F7
factory-v3-093	5	021D5D00550A285A3C0000FA0A01C200960000F6	021D5D00550A285A3C0000FA0A01C200960000F6
factory-v3-094	1	02D95C0046061E1E120000B4070190007800008F	02D95C0090061E1E120000B40701900078000059
factory-v3-094	2	02DA5C0046061E1E120000B4070190007800008C	02DA5C0090061E1E120000B4070190007800005A
factory-v3-094	3	02DB5C0046061E1E120000B4070190007800008D	02DB5C0090061E1E120000B4070190007800005B
factory-v3-094	4	02DC5C0046061E1E120000B4070190007800008A	02DC5C0090061E1E120000B4070190007800005C
factory-v3-094	5	02DD5C0046061E1E120000B4070190007800008B	02DD5C0090061E1E120000B4070190007800005D
factory-v3-095	1	02195D003708285F3C0000B4080118005A0000CD	02195D003708285F3C0000B4080118005A0000CD
factory-v3-095	2	021A5D003708285F3C0000B4080118005A0000CE	021A5D003708285F3C0000B4080118005A0000CE
factory-v3-095	3	021B5D003708285F3C0000B4080118005A0000CF	021B5D003708285F3C0000B4080118005A0000CF
factory-v3-095	4	021C5D003708285F3C0000B4080118005A0000C8	021C5D003708285F3C0000B4080118005A0000C8
factory-v3-095	5	021D5D003708285F3C0000B4080118005A0000C9	021D5D003708285F3C0000B4080118005A0000C9
factory-v3-096	1	02195E00550A1E5A3C0000FA0A01C200960000C7	02195E00550A1E5A3C0000FA0A01C200960000C7
factory-v3-096	2	021A5E00550A1E5A3C0000FA0A01C200960000C4	021A5E00550A1E5A3C0000FA0A01C200960000C4
factory-v3-096	3	021B5E00550A1E5A3C0000FA0A01C200960000C5	021B5E00550A1E5A3C0000FA0A01C200960000C5
factory-v3-096	4	021C5E00550A1E5A3C0000FA0A01C200960000C2	021C5E00550A1E5A3C0000FA0A01C200960000C2
factory-v3-096	5	021D5E00550A1E5A3C0000FA0A01C200960000C3	021D5E00550A1E5A3C0000FA0A01C200960000C3
factory-v3-097	1	02195A00550A1E5A3C0000FA0A01C200960000C3	02195A00550A1E5A3C0000FA0A01C200960000C3
factory-v3-097	2	021A5A00550A1E5A3C0000FA0A01C200960000C0	021A5A00550A1E5A3C0000FA0A01C200960000C0
factory-v3-097	3	021B5A00550A1E5A3C0000FA0A01C200960000C1	021B5A00550A1E5A3C0000FA0A01C200960000C1
factory-v3-097	4	021C5A00550A1E5A3C0000FA0A01C200960000C6	021C5A00550A1E5A3C0000FA0A01C200960000C6
factory-v3-097	5	021D5A00550A1E5A3C0000FA0A01C200960000C7	021D5A00550A1E5A3C0000FA0A01C200960000C7
factory-v3-098	1	02E15C005F081E12190F00C80800FA012C00C82D	02E15C005F081E12190F00C80800FA012C00C82D
factory-v3-098	2	02E25C005F081E12190F00C80800FA012C00C82E	02E25C005F081E12190F00C80800FA012C00C82E
factory-v3-098	3	02E35C005F081E12190F00C80800FA012C00C82F	02E35C005F081E12190F00C80800FA012C00C82F
factory-v3-098	4	02E45C005F081E12190F00C80800FA012C00C828	02E45C005F081E12190F00C80800FA012C00C828
factory-v3-098	5	02E55C005F081E12190F00C80800FA012C00C829	02E55C005F081E12190F00C80800FA012C00C829
factory-v3-099	1	02195C005008285A2D0000DC08019000B40000B1	02195C005008285A2D0000DC08019000B40000B1
factory-v3-099	2	021A5C005008285A2D0000DC08019000B40000B2	021A5C005008285A2D0000DC08019000B40000B2
factory-v3-099	3	021B5C005008285A2D0000DC08019000B40000B3	021B5C005008285A2D0000DC08019000B40000B3
factory-v3-099	4	021C5C005008285A2D0000DC08019000B40000B4	021C5C005008285A2D0000DC08019000B40000B4
factory-v3-099	5	021D5C005008285A2D0000DC08019000B40000B5	021D5C005008285A2D0000DC08019000B40000B5
factory-v3-100	1	02195D00580C325F3C00012C0C019000B4000047	02195D00580C325F3C00012C0C019000B4000047
factory-v3-100	2	021A5D00580C325F3C00012C0C019000B4000044	021A5D00580C325F3C00012C0C019000B4000044
factory-v3-100	3	021B5D00580C325F3C00012C0C019000B4000045	021B5D00580C325F3C00012C0C019000B4000045
factory-v3-100	4	021C5D00580C325F3C00012C0C019000B4000042	021C5D00580C325F3C00012C0C019000B4000042
factory-v3-100	5	021D5D00580C325F3C00012C0C019000B4000043	021D5D00580C325F3C00012C0C019000B4000043
