# factory-wire-v1	source-sha256=b55c8b125d272fcb04e81a9b968dfa193202d94bbd1f1f245bacb33896164037
factory-v3-001	02175C0046005A3C000001F41900C8000000004D	02175C0090005A3C000001F41900C8000000009B
factory-v3-002	021F5D004B051E5A3C0000960501C200960000B0	021F5D004B051E5A3C0000960501C200960000B0
factory-v3-003	02D75C00960A141E0000009600054600000000CA	02D75C00960A141E0000009600054600000000CA
factory-v3-004	021F5C00500A325A3C00012C0501C20032000096	021F5C00500A325A3C00012C0501C20032000096
factory-v3-005	02D75C0064003214000002580C0190000000000C	02D75C0064003214000002580C0190000000000C
factory-v3-006	02DF5C004603142D190000FA06015E0064000023	02DF5C004603142D190000FA06015E0064000023
factory-v3-007	02DF5C004600142D1900009606015E00C80000E0	02DF5C009000142D1900009606015E00C8000036
factory-v3-008	02175C003C03145A000000C80601900000000067	02175C005803145A000000C80601900000000003
factory-v3-009	02175B0034005A460000015E1600AA0000000085	02175B006C005A460000015E1600AA00000000DD
factory-v3-010	02175B005A00553C000002581C012C0000000016	02175B005A00553C000002581C012C0000000016
factory-v3-011	02DF5C00410014281400009605015E00960000B2	02DF5C00800014281400009605015E0096000073
factory-v3-012	021F5C003F02145A4100009605012C00B4000079	021F5C007002145A4100009605012C00B4000036
factory-v3-013	021F5C004605195A3C0000B40601A4006400000E	021F5C009005195A3C0000B40601A400640000D8
factory-v3-014	02175A0041004632000001C21A00C8000000006B	02175A0088004632000001C21A00C800000000A2
factory-v3-015	021F5C00460814553C0000FA0A015E00640000B9	021F5C00460814553C0000FA0A015E00640000B9
factory-v3-016	02DF5C0046001423140000B406019000780000BF	02DF5C0090001423140000B40601900078000069
factory-v3-017	02DF5A0055001432190000C80501F40096000043	02DF5A0055001432190000C80501F40096000043
factory-v3-018	02175C0046005A3C0000022619009600000000C2	02175C0090005A3C000002261900960000000014
factory-v3-019	02175C0028005A3C0000012C1600640000000058	02175C0048005A3C0000012C1600640000000038
factory-v3-020	021F5B0046001E5F3C00009605019000960000E9	021F5B0090001E5F3C000096050190009600003F
factory-v3-021	02DF5B00410014160F00009606019000640000AF	02DF5B00410014160F00009606019000640000AF
factory-v3-022	02DF5C00460014321E0000780401C200820000C2	02DF5C00460014321E0000780401C200820000C2
factory-v3-023	021F5B003700145A3C00007805015E0050000071	021F5B007000145A3C00007805015E0050000036
factory-v3-024	02175C0041005A3C000002261B00640000000035	02175C0090005A3C000002261B006400000000E4
factory-v3-025	021F5C004B0614553C0000FA0801900064000076	021F5C004B0614553C0000FA0801900064000076
factory-v3-026	02DF5C0044001926120000A005017C008C0000BC	02DF5C0088001926120000A005017C008C000070
factory-v3-027	021F5C003203145A4100009605011800460000B3	021F5C005003145A4100009605011800460000D1
factory-v3-028	02DF5C0046041428160000C806019000640000D2	02DF5C0046041428160000C806019000640000D2
factory-v3-029	02175B0048005A37000002261C00AA00000000F9	02175B0090005A37000002261C00AA0000000021
factory-v3-030	021F5D005105145A3C0000C808019000D20000E5	021F5D00B405145A3C0000C808019000D2000000
factory-v3-031	021F5D004B05145A3C0000C808015E00C800002B	021F5D004B05145A3C0000C808015E00C800002B
factory-v3-032	021F5E004600145A3C00009606019000960000E0	021F5E008C00145A3C000096060190009600002A
factory-v3-033	021F5E00500A14553C0000FA0A01900096000093	021F5E00500A14553C0000FA0A01900096000093
factory-v3-034	021F5E004E06195A370000B40701A400B40000DD	021F5E00A806195A370000B40701A400B400003B
factory-v3-035	021F5D004B05145A3C0000A00601B800960000F5	021F5D004B05145A3C0000A00601B800960000F5
factory-v3-036	02D75C008C081423000000C80004B00000000046	02D75C008C081423000000C80004B00000000046
factory-v3-037	02DF5D00500514140F0000B40801F400780000EB	02DF5D00500514140F0000B40801F400780000EB
factory-v3-038	02DF5D004B04142D190000960501C20096000029	02DF5D004B04142D190000960501C20096000029
factory-v3-039	02DF5D0046051423140000A0060190008C00005B	02DF5D0090051423140000A0060190008C00008D
factory-v3-040	021F5E003605145A3C000096060118006E0000E5	021F5E007005145A3C000096060118006E0000A3
factory-v3-041	021F5D005F051450370000C807022600C800004A	021F5D005F051450370000C807022600C800004A
factory-v3-042	021F5E004B05145F320000B406019000AA0000FD	021F5E00A005145F320000B406019000AA000016
factory-v3-043	021F5C004B06144B320000C808019000960000A6	021F5C004B06144B320000C808019000960000A6
factory-v3-044	02D75B00A00A0F1C000000C80005780000000082	02D75B00A00A0F1C000000C80005780000000082
factory-v3-045	021F5D004E05145A3C0000B40701A400B40000DB	021F5D00A805145A3C0000B40701A400B400003D
factory-v3-046	021F5E004C05195A3C0000A00601C20096000086	021F5E004C05195A3C0000A00601C20096000086
factory-v3-047	02DF5D0050061419120000C80801C2009600005C	02DF5D0050061419120000C80801C2009600005C
factory-v3-048	021F5D005105145A3C0000C80801C200A00000C5	021F5D00B405145A3C0000C80801C200A0000020
factory-v3-049	02DF5C005A051428190000C80602260096000087	02DF5C005A051428190000C80602260096000087
factory-v3-050	021F5D004B0C0F553C0001180C015E0078000053	021F5D004B0C0F553C0001180C015E0078000053
factory-v3-051	021F5D00410414553C00009606017C00780000ED	021F5D00800414553C00009606017C007800002C
factory-v3-052	02DF5D004E051420140000B40701C2009600000D	02DF5D004E051420140000B40701C2009600000D
factory-v3-053	02175C0046005A3C000001F41900C8000000004D	02175C0090005A3C000001F41900C8000000009B
factory-v3-054	021F5C004B04145A3C0000C806019000960000B5	021F5C004B04145A3C0000C806019000960000B5
factory-v3-055	02DF5C0046001428160000960501900096000079	02DF5C00900014281600009605019000960000AF
factory-v3-056	021F5C003C03145A4100009605015E00640000D9	021F5C007003145A4100009605015E0064000095
factory-v3-057	021F5C004100145A3C00008C05017C0082000004	021F5C008000145A3C00008C05017C00820000C5
factory-v3-058	021F5C004805195A3C0000B4060190008C0000DC	021F5C009005195A3C0000B4060190008C000004
factory-v3-059	02175B0034005A410000015E1600AA0000000082	02175B006C005A410000015E1600AA00000000DA
factory-v3-060	02175B005A00553C000002581C012C0000000016	02175B005A00553C000002581C012C0000000016
factory-v3-061	02DF5C0046001426140000A0050190008C000059	02DF5C0046001426140000A0050190008C000059
factory-v3-062	021F5B00460314553C0000960501A400820000CA	021F5B00900314553C0000960501A4008200001C
factory-v3-063	021F5D004B05145A3C0000B40601A400960000FD	021F5D004B05145A3C0000B40601A400960000FD
factory-v3-064	021F5C00480914553C0000F00901680078000095	021F5C00480914553C0000F00901680078000095
factory-v3-065	02DF5C0046001430190000780401C200820000C7	02DF5C0046001430190000780401C200820000C7
factory-v3-066	02DF5B0044001417100000960601900082000052	02DF5B0044001417100000960601900082000052
factory-v3-067	02175C0046005A3C000002261A009600000000C1	02175C0090005A3C000002261A00960000000017
factory-v3-068	02175C0028005A3C0000012C1600640000000058	02175C0048005A3C0000012C1600640000000038
factory-v3-069	02DF5B005503142D190000B405020800960000DD	02DF5B005503142D190000B405020800960000DD
factory-v3-070	021F5C003F02145A4100008C05014000AA000011	021F5C006802145A4100008C05014000AA000046
factory-v3-071	021F5C004600195F3C00008C0501A4008C0000DD	021F5C009000195F3C00008C0501A4008C00000B
factory-v3-072	021F5B004603144B370000A00501A40078000013	021F5B004603144B370000A00501A40078000013
factory-v3-073	02DF5C0048041424140000B40601A40078000086	02DF5C0048041424140000B40601A40078000086
factory-v3-074	02DF5C0044001423120000960501900082000060	02DF5C00880014231200009605019000820000AC
factory-v3-075	02175C0048005A37000002261C00AA00000000FE	02175C0090005A37000002261C00AA0000000026
factory-v3-076	021F5B003700145A3C00007804015E0050000070	021F5B007000145A3C00007804015E0050000037
factory-v3-077	021F5C004603145A3C00009605019000960000E2	021F5C009003145A3C0000960501900096000034
factory-v3-078	021F5D00550C285A3C0001180A01C200780000FF	021F5D00550C285A3C0001180A01C200780000FF
factory-v3-079	02DF5C005A081E120C0000FA0A01F40096000040	02DF5C005A081E120C0000FA0A01F40096000040
factory-v3-080	021F5D0050061E643C0000C80601C200960000CB	021F5D0050061E643C0000C80601C200960000CB
factory-v3-081	021F5D00550F145A3C00012C0F0190009600004D	021F5D00550F145A3C00012C0F0190009600004D
factory-v3-082	02DF5C00780528160F0001900A025800C80000C4	02DF5C00780528160F0001900A025800C80000C4
factory-v3-083	021F5C003C08285F3C0000C808012C00640000B7	021F5C003C08285F3C0000C808012C00640000B7
factory-v3-084	02DF5B0064061E19120000FA08025800960000CF	02DF5B0064061E19120000FA08025800960000CF
factory-v3-085	021F5C0050051E5A3C0000C80601F40064000033	021F5C0050051E5A3C0000C80601F40064000033
factory-v3-086	02E75C005A061E141C0F00C808015E00FA0064FD	02E75C005A061E141C0F00C808015E00FA0064FD
factory-v3-087	02DF5C00640A1919120000FA08025800960000C3	02DF5C00640A1919120000FA08025800960000C3
factory-v3-088	021F5E00550C195A370001180C01A40096000048	021F5E00550C195A370001180C01A40096000048
factory-v3-089	021F5A0050081E5A3C0000DC0801C200820000F2	021F5A0050081E5A3C0000DC0801C200820000F2
factory-v3-090	02D75B00A00A1419000000C8000578000000009C	02D75B00A00A1419000000C8000578000000009C
factory-v3-091	021F5D005508325F320000FA0801C200960000E5	021F5D005508325F320000FA0801C200960000E5
factory-v3-092	02DF5C005A0A1E0F0A0000FA0C01F4009600005F	02DF5C005A0A1E0F0A0000FA0C01F4009600005F
factory-v3-093	021F5D00550A285A3C0000FA0A01C200960000F4	021F5D00550A285A3C0000FA0A01C200960000F4
factory-v3-094	02DF5C0046061E1E120000B40701900078000089	02DF5C0090061E1E120000B4070190007800005F
factory-v3-095	021F5D003708285F3C0000B4080118005A0000CB	021F5D003708285F3C0000B4080118005A0000CB
factory-v3-096	021F5E00550A1E5A3C0000FA0A01C200960000C1	021F5E00550A1E5A3C0000FA0A01C200960000C1
factory-v3-097	021F5A00550A1E5A3C0000FA0A01C200960000C5	021F5A00550A1E5A3C0000FA0A01C200960000C5
factory-v3-098	02E75C005F081E12190F00C80800FA012C00C82B	02E75C005F081E12190F00C80800FA012C00C82B
factory-v3-099	021F5C005008285A2D0000DC08019000B40000B7	021F5C005008285A2D0000DC08019000B40000B7
factory-v3-100	021F5D00580C325F3C00012C0C019000B4000041	021F5D00580C325F3C00012C0C019000B4000041
