# factory-v3	source-sha256=b55c8b125d272fcb04e81a9b968dfa193202d94bbd1f1f245bacb33896164037
factory-v3-001	dark	RXNwcmVzc2_mt7Hng5g=	6YCa6L-H5Y-Y5Y6L6JCD5Y-W77yM57K-5YeG5o6n5Yi25Y6L5Yqb5Y-Y5YyW77yM56qB5Ye65ZKW5ZWh55qE6YaH5Y6a5LiO5bGC5qyh5oSf77yM6YCC5ZCI6L-95rGC57uP5YW45rWT6YOB6aOO5ZGz55qE5ZKW5ZWh54ix5aW96ICF44CCIOOAkOeyiemHj-eyieeil-OAkeW7uuiurueyiemHj--8mjE44oCTMjBn77yI5Y-v5Yqg6IezMjHigJMyMmfvvInjgILmjqjojZDmoIfphY0xOOKAkzIwZ-eyieeil--8iOS4rea1gemAn--8jOa3seeDmOWPr-ijheWhq-e6puiHszIyZ-WHj-WktOmDqOepuumXtO-8ie-8m-aIluagh-mFjTIw4oCTMjJn57KJ56KX6KOFMjDigJMyMmfjgILlj6_pgInphY1FWDLvvIjkuK3mtYHpgJ_vvInmm7_mjaLmoIfphY3jgILmnKzmm7Lnur_kuLrkuK3mtYHpgJ_lj5blkJHvvIzmoIfphY3kuI5FWDLlkIzlsZ7kuK3mtYHpgJ_mm7TnqLPvvJtFWDHku4XlnKjlh7rmtrLlgY_mhaLml7bkvZzkuLrmj5DpgJ_pgInpobnjgILmt7Hng5jlop7nsonlj6_lh4_lsJHlpLTpg6jnqbrpl7TvvIzmnInliqnkuo7pmY3kvY7okIPlkI7nsonppbzmub_mtqbjgILlj4LogIPnsonmtrLmr5TnuqYxOjEuOe-8iOWBnOa2sumHjee6pjM2Z--8ieOAgiDjgJDosIPno6jjgJHnoJTno6jkuK3nu4boh7PkuK3nrYnvvIjmt7Hng5jpmLvlipvovoPkvY7vvIzov4fnu4bmmJPov4fokIPoi6bvvInjgILkuLvokIPnuqY5YmFy5qGj77yM5bu66K6u5oC76JCD5Y-W5pe26Ze057qmMjXigJMzMnPjgILoi6XljovlipvmnKrovr7nm67moIflsLHov4flv6vloavmu6HmtrLph4_ihpLosIPnu4bvvJvov5_ov5_kuI3kuIrljosv5ru05ray6L-H5oWi4oaS6LCD57KX44CCIOWPguiAg-WBnOa2sumHjee6pjM2Z-OAgg==	L3N0YXRpYy9ob3lpL2NoYXJ0LW4xLnN2Zw==	70	360	0	0	92	0	0	2	90	50	25	60	20	0	0	0	0
factory-v3-002	light	U09F5rWF54OY	6YCa6L-H5Y-Y5Y6L6JCD5Y-W5oqA5pyv77yM5pCt6YWN5rWF54OY5ZKW5ZWh6LGG77yM5Ye45pi-6Iqx5p6c6aaZ5rCU5LiO5piO5Lqu6YW46LSo77yM5bim5p2l5riF5paw5rS75rO855qE5ZGz6KeJ5L2T6aqM44CCIOOAkOeyiemHj-eyieeil-OAkeW7uuiurueyiemHj--8mjE54oCTMjBn44CC5o6o6I2Q5qCH6YWNMTjigJMyMGfnsonnopfvvIjkuK3mtYHpgJ_vvInvvJvlj6_pgInphY1FWDLnsonnopfvvIjkuK3mtYHpgJ_vvInmm7_mjaLjgILoi6Xlrp7pmYXlh7rmtrLlgY_mhaLjgIHmg7Pmj5DmtYHpgJ_vvIzlj6_lsJ3or5XpgInphY1FWDHvvIjkuK3lv6vmtYHpgJ_vvInlubblvq7osIPnoJTno6jjgILmnKzmm7Lnur_kuLrkuK3mtYHpgJ_lj5blkJHvvIzmoIfphY3kuI5FWDLlkIzlsZ7kuK3mtYHpgJ_mm7TnqLPvvJtFWDHku4XlnKjlh7rmtrLlgY_mhaLml7bkvZzkuLrmj5DpgJ_pgInpobnjgIIg44CQ6LCD56Oo44CR56CU56Oo5YGP57uG77yI5rWF54OY6ZyA5pu06auY6JCD5Y-W6Zi75Yqb77yJ44CC5Li76JCD57qmOWJhcuaho--8jOW7uuiuruaAu-iQg-WPluaXtumXtOe6pjI44oCTMzVz77yI5ZCr6aKE5rW477yJ44CC6aKE5rW45q616KeC5a-f57KJ5bGC5rW45ram77ya6Iul6aKE5rW45ZCO5b6I5b-r5aSx5o6n5Za35raM4oaS6LCD57uG77yb6ZW_5pe26Ze05pat57ut5ru05ray4oaS55Wl6LCD57KX44CC	L3N0YXRpYy9ob3lpL2NoYXJ0LW4yLnN2Zw==	75	0	0	5	93	0	0	3	30	15	5	90	45	60	15	0	0
factory-v3-003	light	SE9ZSSBUdXJibyBTaG90	56CU56Oo5bqm5LuL5LqO5omL5Yay5ZKM5oSP5byP5LmL6Ze077yM57KJ56KX5LiK5LiL5Z6r5ruk57q477yM57uT5ZCI5rWF54OY6LGG5LiO5Y-Y5rWB5oqA5pyv77yM56qB5Ye66L2755uI5Y-j5oSf5ZKM5Liw5a-M5p6c6YW477yM6YCC5ZCI5Zac5qyi5riF5paw44CB6YW455Sc5bmz6KGh55qE5ZKW5ZWh54ix5aW96ICF44CCIOOAkOeyiemHj-eyieeil-OAkeW7uuiurueyiemHj--8mjE44oCTMTln44CC5o6o6I2Q6YCJ6YWNRVgx57KJ56KX77yI5Lit5b-r5rWB6YCf77yJ77yb5Lmf5Y-v55So5qCH6YWNMTjigJMyMGfnsonnopfvvIjkuK3mtYHpgJ_vvInlubblnqvkuIrkuIvmu6TnurjjgIHnoJTno6jku4vkuo7miYvlhrLkuI7mhI_lvI_kuYvpl7TjgIJUdXJiby_lpKfmtrLph4_lgY_kuK3lv6vmtYHpgJ_vvIzkvJjlhYhFWDHvvJvnsonnopfkuIrkuIvlnqvmu6Tnurjmm7TnqLPjgIIg44CQ6LCD56Oo44CR56CU56Oo5LuL5LqO5omL5Yay5LiO5oSP5byP5LmL6Ze077yI5YGP57KX5LqO57uP5YW45oSP5byP77yJ44CC5aSn5ray6YeP5Y-Y5rWB77yM5Li75q6155uu5qCH5rWB6YCf57qmIDMuMCBtbC9z44CC6Iul5rWB6YCf6ZW_5pyf5L2O5LqO55uu5qCH4oaS6LCD57KX77yb5piO5pi-6auY5LqO55uu5qCH5oiW6L-H5reh4oaS6LCD57uG44CC57KJ56KX5bu66K6u5LiK5LiL5Z6r5ruk57q45pu056iz44CC	L3N0YXRpYy9ob3lpL2NoYXJ0LW4zLnN2Zw==	150	0	0	10	92	1	1	2	20	15	0	30	135	0	0	0	0
factory-v3-004	super	SE9ZSSBMaW1pdCBFeHRyYWN0aW9u	5pCt6YWN5p6B57uG55qE56CU56Oo5bqm77yM6YeK5pS-5ZKW5ZWh55qE5p6B6Ie05rWT6YOB5LiO6aWx5ruh6aOO5ZGz77yM6YCC5ZCI6L-95rGC6auY5by65bqm5Y-j5oSf55qE5ZKW5ZWh5o6i57Si6ICF44CCIOOAkOeyiemHj-eyieeil-OAkeW7uuiurueyiemHj--8mjIw4oCTMjFn44CC5o6o6I2Q5qCH6YWNMjDigJMyMmfnsonnopfvvIjkuK3mtYHpgJ_vvInvvJvlj6_pgInphY1FWDLnsonnopfvvIjkuK3mtYHpgJ_vvInkvZzkuLrlkIzmtYHpgJ_mm7_ku6PjgILkuI3lu7rorq5FWDHvvIjkuK3lv6vmtYHpgJ_vvInku6XlhY3mtYHpgJ_ov4flv6vjgIHokIPlj5blgY_mtYXjgILmnKzmm7Lnur_lgY_mhaIv6auY6Zi76JCD5Y-W77yM5LyY5YWI5Lit5rWB6YCf57KJ56KX5Lul56iz5L2P5o6l6Kem5pe26Ze044CCIOOAkOiwg-ejqOOAkeeglOejqOaegee7hu-8iOi2heiQg-i3r-e6v--8jOe7hueyieabtOWkmuS7peaLiemrmOiQg-WPlueOh--8ieOAguS4u-iQg-e6pjliYXLmoaPvvIzlu7rorq7mgLvokIPlj5bml7bpl7TnuqYzMOKAkzQwc--8jOadr-S-p-WHuua2suWBj-aFouiAjOi_nue7reOAgumihOa1uOauteinguWvn-eyieWxgua1uOa2pu-8muiLpeW-iOW_q-WWt-a2jC_ml7bpl7TmmI7mmL7nn63kuo4zMHPihpLosIPnu4bvvJvmu7Tmu7TnrZTnrZTmiJbotoXml7bkuKXph43ihpLnlaXosIPnspfjgII=	L3N0YXRpYy9ob3lpL2NoYXJ0LW40LnN2Zw==	80	0	0	10	92	0	0	3	50	30	5	90	45	60	5	0	0
factory-v3-005	super	SHlwZXIgRXgg6LaF6JCD5omL5Yay	6LaF6JCD5omL5Yay5Yi75oSP5ouJ6ZW_6JCD5Y-W5pe26Ze044CB6LCD57uG56CU56Oo5oiW6LCD5pW05rC05rip77yM5Lul56qB56C05bi46KeE6JCD5Y-W5p6B6ZmQ77yM5o-Q5Y-W5pu05aSa5Y-v5rq25oCn54mp6LSo77yM5o6i57Si5ZKW5ZWh6LGG5pu05rex5bGC5qyh55qE6aOO5ZGz6KGo546w44CCIOOAkOeyiemHj-eyieeil-OAkeW7uuiurueyiemHj--8mjIw4oCTMjFn44CC5o6o6I2Q5qCH6YWNMjDigJMyMmfnsonnopfvvIjkuK3mtYHpgJ_vvInvvJvlj6_pgInphY1FWDLnsonnopfvvIjkuK3mtYHpgJ_vvInjgILkuIDoiKzkuI3pnIDopoFFWDHjgILmnKzmm7Lnur_kuLrkuK3mtYHpgJ_lj5blkJHvvIzmoIfphY3kuI5FWDLlkIzlsZ7kuK3mtYHpgJ_mm7TnqLPvvJtFWDHku4XlnKjlh7rmtrLlgY_mhaLml7bkvZzkuLrmj5DpgJ_pgInpobnjgIIg44CQ6LCD56Oo44CR56CU56Oo5p6B57uG77yI6LaF6JCD6Lev57q_77yM57uG57KJ5pu05aSa5Lul5ouJ6auY6JCD5Y-W546H77yJ44CC5Li75q6155uu5qCH5rWB6YCf57qmIDIuMCBtbC9z44CC55uu5qCH5Li75q615rWB6YCf5YGP5L2O44CB5o6l6Kem5pe26Ze05pu06ZW_77yM6Iul5a6e6ZmF5rWB6YCf6L-H5b-r77yI57KJ5bGC6Zi75Yqb5LiN6Laz77yJ6K-36LCD57uG77yb6L-H5oWi5YiZ55Wl6LCD57KX6Ziy6Ze36Ium44CC	L3N0YXRpYy9ob3lpL2NoYXJ0LW41LnN2Zw==	100	0	0	0	92	1	1	2	50	60	12	20	40	0	0	0	0
factory-v3-006	dark	5rex54OY576O5byP	5L2_55So5L2O5Y6L6aKE5rW45rOh5p2l5Yi25L2c576O5byP5ZKW5ZWh55qE5rWT57yp5Z-65bqV77yM5YWF5YiG5rm_5ram57KJ5bGC5o-Q5Y2H6JCD5Y-W55qE5LiA6Ie05oCn44CC6Iul6JCD5Y-W5Y6L5Yqb6L-H6auY77yM5b6u5b6u6LCD57KX56CU56Oo5Y2z5Y-v77yM5Y-N5LmL5Lqm54S244CC5bu66K6u57KJ5ray5q-UMToy44CCIOOAkOeyiemHj-eyieeil-OAkeW7uuiurueyiemHj--8mjE44oCTMjBn77yI5Y-v5Yqg6IezMjHigJMyMmfvvInjgILmjqjojZDpgInphY1FWDHnsonnopfvvIjkuK3lv6vmtYHpgJ_vvIzmm7TljLnphY3mnKzmm7Lnur_ovoPlv6vlh7rmtrLvvInvvJvmoIfphY0xOOKAkzIwZ-eyieeil--8iOS4rea1gemAn--8ieS5n-WPr--8jOmcgOebuOW6lOiwg-eyl-eglOejqOS7pei3n-S4iua1gemAn-OAguacrOabsue6v-WBj-S4reW_q-a1gemAn--8jEVYMeabtOaYk-i-vuWIsOebruagh-a1gemAn-S4jua4heeIveWPo-aEn-OAgua3seeDmOWinueyieWPr-WHj-WwkeWktOmDqOepuumXtO-8jOacieWKqeS6jumZjeS9juiQg-WQjueyiemlvOa5v-a2puOAgiDjgJDosIPno6jjgJHnoJTno6jkuK3nu4boh7PkuK3nrYnvvIjmt7Hng5jpmLvlipvovoPkvY7vvIzov4fnu4bmmJPov4fokIPoi6bvvInjgILkuLvmrrXnm67moIfmtYHpgJ_nuqYgNC41IG1sL3PvvIjmrrXmtYHpgJ_vvJo0LjUgLyAyLjUgbWwvc--8ieOAguebruagh-S4u-autea1gemAn-WBj-mrmO-8jOiLpeWunumZhea1gemAn-aYjuaYvuS9juS6juebruagh-WImeiwg-eyl--8m-aYjuaYvumrmOS6juebruagh-WImeiwg-e7huOAgg==	L3N0YXRpYy9ob3lpL25vbmUucG5n	70	0	0	3	92	1	1	3	20	25	6	45	35	25	10	0	0
factory-v3-007	dark	5rex54OY5ou_6ZOB	5L2_55So5Y-Y5rWB5qih5byP5p2l5Yi25L2c5rex54OY5ou_6ZOB55qE5rWT57yp5Z-65bqV77yM5Lul6I635b6X5bmz5ruR54is5Y2H5LiO6ZmN5Y6L55qE5puy57q_77yM5Ye45pi-5aW25ZKW55qE55Sc5oSf5LiOYm9keeOAguW7uuiurumFjeavlDIwMG1s54mb5aW25omT5Y-R5ZCO6J6N5ZCI44CCIOOAkOeyiemHj-eyieeil-OAkeW7uuiurueyiemHj--8mjE44oCTMjBn77yI5Y-v5Yqg6IezMjHigJMyMmfvvInjgILmjqjojZDpgInphY1FWDHnsonnopfvvIjkuK3lv6vmtYHpgJ_vvIzmm7TljLnphY3mnKzmm7Lnur_ovoPlv6vlh7rmtrLvvInvvJvmoIfphY0xOOKAkzIwZ-eyieeil--8iOS4rea1gemAn--8ieS5n-WPr--8jOmcgOebuOW6lOiwg-eyl-eglOejqOS7pei3n-S4iua1gemAn-OAguacrOabsue6v-WBj-S4reW_q-a1gemAn--8jEVYMeabtOaYk-i-vuWIsOebruagh-a1gemAn-S4jua4heeIveWPo-aEn-OAgua3seeDmOWinueyieWPr-WHj-WwkeWktOmDqOepuumXtO-8jOacieWKqeS6jumZjeS9juiQg-WQjueyiemlvOa5v-a2puOAguWPguiAg-eyiea2suavlOe6pjE6MS4577yI5YGc5ray6YeN57qmMzZn77yJ44CCIOOAkOiwg-ejqOOAkeeglOejqOS4ree7huiHs-S4reetie-8iOa3seeDmOmYu-WKm-i-g-S9ju-8jOi_h-e7huaYk-i_h-iQg-iLpu-8ieOAguS4u-auteebruagh-a1gemAn-e6piA0LjUgbWwvc--8iOautea1gemAn--8mjQuNSAvIDIuNSBtbC9z77yJ44CC55uu5qCH5Li75q615rWB6YCf5YGP6auY77yM6Iul5a6e6ZmF5rWB6YCf5piO5pi-5L2O5LqO55uu5qCH5YiZ6LCD57KX77yb5piO5pi-6auY5LqO55uu5qCH5YiZ6LCD57uG44CC	L3N0YXRpYy9ob3lpL25vbmUucG5n	70	360	0	0	92	1	1	3	20	15	6	45	35	25	20	0	0
factory-v3-008	dark	5rex54OY5bCP5r6z55m9	5LiA5p2v55-t6JCD55qE5rex54OY5bCP5p2v5r6z55m977yM5YWl5Y-j5Y2z5YyW55qE6LSo5Zyw5b-r6YCf5YyF6KO55pW05Liq5Y-j6IWU77yM5bGC5bGC5YyW5byA5ZCO77yM5L2Z6Z-15oyB5LmF44CC6YWN5q-UMTYwbWzniZvlpbbmiZPlj5HlkI7ono3lkIjjgIIg44CQ57KJ6YeP57KJ56KX44CR5bu66K6u57KJ6YeP77yaMTjigJMyMGfjgILmjqjojZDmoIfphY0xOOKAkzIwZ-eyieeil--8iOS4rea1gemAn--8ie-8m-WPr-mAiemFjUVYMueyieeil--8iOS4rea1gemAn--8ieabv-aNouOAguiLpeWunumZheWHuua2suWBj-aFouOAgeaDs-aPkOa1gemAn--8jOWPr-WwneivlemAiemFjUVYMe-8iOS4reW_q-a1gemAn--8ieW5tuW-ruiwg-eglOejqOOAguacrOabsue6v-S4uuS4rea1gemAn-WPluWQke-8jOagh-mFjeS4jkVYMuWQjOWxnuS4rea1gemAn-abtOeos--8m0VYMeS7heWcqOWHuua2suWBj-aFouaXtuS9nOS4uuaPkOmAn-mAiemhueOAgua3seeDmOWinueyieWPr-WHj-WwkeWktOmDqOepuumXtO-8jOacieWKqeS6jumZjeS9juiQg-WQjueyiemlvOa5v-a2puOAguWPguiAg-eyiea2suavlOe6pjE6MS4y77yI5YGc5ray6YeN57qmMjJn77yJ44CCIOOAkOiwg-ejqOOAkeeglOejqOS4ree7huiHs-S4reetie-8iOa3seeDmOmYu-WKm-i-g-S9ju-8jOi_h-e7huaYk-i_h-iQg-iLpu-8ieOAguS4u-iQg-e6pjliYXLmoaPvvIzlu7rorq7mgLvokIPlj5bml7bpl7TnuqYyNeKAkzMyc-OAguiLpeWOi-WKm-acqui-vuebruagh-Wwsei_h-W_q-Whq-a7oea2sumHj-KGkuiwg-e7hu-8m-i_n-i_n-S4jeS4iuWOiy_mu7TmtrLov4fmhaLihpLosIPnspfjgIIg5Y-C6ICD5YGc5ray6YeN57qmMjJn44CC	L3N0YXRpYy9ob3lpL25vbmUucG5n	60	220	0	3	92	0	0	2	20	20	6	90	40	0	0	0	0
factory-v3-009	dark	5rex54OYUmlzdHJldHRv	55-t6JCD5rex54OY77yM56qB5Ye655Sc5oSf5LiO5rWT6YOB5rK56ISC77yM57KJ5ray5q-U57qmMToxLjXjgIIg44CQ57KJ6YeP57KJ56KX44CR5bu66K6u57KJ6YeP77yaMTjigJMyMGfjgILmjqjojZDmoIfphY0xOOKAkzIwZ-eyieeil--8iOS4rea1gemAn--8ie-8m-WPr-mAiemFjUVYMueyieeil--8iOS4rea1gemAn--8ieabv-aNouOAguiLpeWunumZheWHuua2suWBj-aFouOAgeaDs-aPkOa1gemAn--8jOWPr-WwneivlemAiemFjUVYMe-8iOS4reW_q-a1gemAn--8ieW5tuW-ruiwg-eglOejqOOAguacrOabsue6v-S4uuS4rea1gemAn-WPluWQke-8jOagh-mFjeS4jkVYMuWQjOWxnuS4rea1gemAn-abtOeos--8m0VYMeS7heWcqOWHuua2suWBj-aFouaXtuS9nOS4uuaPkOmAn-mAiemhueOAgua3seeDmOWinueyieWPr-WHj-WwkeWktOmDqOepuumXtO-8jOacieWKqeS6jumZjeS9juiQg-WQjueyiemlvOa5v-a2puOAguWPguiAg-eyiea2suavlOe6pjE6MS4077yI5YGc5ray6YeN57qmMjdn77yJ44CCIOOAkOiwg-ejqOOAkeeglOejqOS4ree7huiHs-S4reetie-8iOa3seeDmOmYu-WKm-i-g-S9ju-8jOi_h-e7huaYk-i_h-iQg-iLpu-8ieOAguS4u-iQg-e6pjliYXLmoaPvvIzlu7rorq7mgLvokIPlj5bml7bpl7TnuqYyNeKAkzMyc-OAguiLpeWOi-WKm-acqui-vuebruagh-Wwsei_h-W_q-Whq-a7oea2sumHj-KGkuiwg-e7hu-8m-i_n-i_n-S4jeS4iuWOiy_mu7TmtrLov4fmhaLihpLosIPnspfjgIIg5Y-C6ICD5YGc5ray6YeN57qmMjdn44CC	L3N0YXRpYy9ob3lpL25vbmUucG5n	52	270	0	0	91	0	0	2	90	35	22	70	17	0	0	0	0
factory-v3-010	dark	5rex54OYTHVuZ28=	5ouJ6ZW_6JCD5Y-W6I635b6X5pu05aSn5ray6YeP5Z-65bqV77yM6YCC5ZCI576O5byP5Yqg6ZW_5oiW5Yaw576O5byP44CC5rOo5oSP56CU56Oo55Wl57KX44CCIOOAkOeyiemHj-eyieeil-OAkeW7uuiurueyiemHj--8mjE44oCTMjBn77yI5Y-v5Yqg6IezMjHigJMyMmfvvInjgILmjqjojZDmoIfphY0xOOKAkzIwZ-eyieeil--8iOS4rea1gemAn--8jOa3seeDmOWPr-ijheWhq-e6puiHszIyZ-WHj-WktOmDqOepuumXtO-8ie-8m-aIluagh-mFjTIw4oCTMjJn57KJ56KX6KOFMjDigJMyMmfjgILlj6_pgInphY1FWDLvvIjkuK3mtYHpgJ_vvInmm7_mjaLmoIfphY3jgILmnKzmm7Lnur_kuLrkuK3mtYHpgJ_lj5blkJHvvIzmoIfphY3kuI5FWDLlkIzlsZ7kuK3mtYHpgJ_mm7TnqLPvvJtFWDHku4XlnKjlh7rmtrLlgY_mhaLml7bkvZzkuLrmj5DpgJ_pgInpobnjgILmt7Hng5jlop7nsonlj6_lh4_lsJHlpLTpg6jnqbrpl7TvvIzmnInliqnkuo7pmY3kvY7okIPlkI7nsonppbzmub_mtqbjgIIg44CQ6LCD56Oo44CR56CU56Oo5Lit57uG6Iez5Lit562J77yI5rex54OY6Zi75Yqb6L6D5L2O77yM6L-H57uG5piT6L-H6JCD6Ium77yJ44CC5Li76JCD5Lit6auY5Y6L5qGj77yM5bu66K6u5oC76JCD5Y-W5pe26Ze057qmMjXigJMzMnPjgILoi6XljovlipvmnKrovr7nm67moIflsLHov4flv6vloavmu6HmtrLph4_ihpLosIPnu4bvvJvov5_ov5_kuI3kuIrljosv5ru05ray6L-H5oWi4oaS6LCD57KX44CC	L3N0YXRpYy9ob3lpL25vbmUucG5n	90	0	0	0	91	0	0	2	85	60	28	60	30	0	0	0	0
factory-v3-011	dark	5rex54OY5Y2h5biD5aWH6K-6	5aW25ZKW5bmz6KGh5Z-65bqV77yM5Lit562J5ray6YeP5LiO5bmz56iz6ZmN5Y6L77yM56qB5Ye65Y-v5Y-v5LiO54Sm57OW6LCD5oCn44CCIOOAkOeyiemHj-eyieeil-OAkeW7uuiurueyiemHj--8mjE44oCTMjBn77yI5Y-v5Yqg6IezMjHigJMyMmfvvInjgILmjqjojZDpgInphY1FWDHnsonnopfvvIjkuK3lv6vmtYHpgJ_vvIzmm7TljLnphY3mnKzmm7Lnur_ovoPlv6vlh7rmtrLvvInvvJvmoIfphY0xOOKAkzIwZ-eyieeil--8iOS4rea1gemAn--8ieS5n-WPr--8jOmcgOebuOW6lOiwg-eyl-eglOejqOS7pei3n-S4iua1gemAn-OAguacrOabsue6v-WBj-S4reW_q-a1gemAn--8jEVYMeabtOaYk-i-vuWIsOebruagh-a1gemAn-S4jua4heeIveWPo-aEn-OAgua3seeDmOWinueyieWPr-WHj-WwkeWktOmDqOepuumXtO-8jOacieWKqeS6jumZjeS9juiQg-WQjueyiemlvOa5v-a2puOAguWPguiAg-eyiea2suavlOe6pjE6MS4377yI5YGc5ray6YeN57qmMzJn77yJ44CCIOOAkOiwg-ejqOOAkeeglOejqOS4ree7huiHs-S4reetie-8iOa3seeDmOmYu-WKm-i-g-S9ju-8jOi_h-e7huaYk-i_h-iQg-iLpu-8ieOAguS4u-auteebruagh-a1gemAn-e6piA0LjAgbWwvc--8iOautea1gemAn--8mjQuMCAvIDIuMCBtbC9z77yJ44CC5Lul5Li75q615rWB6YCf5Li65YeG6LCD56Oo77ya5a6e6ZmF5rWB6YCf5YGP5b-r4oaS6LCD57uG77yb5YGP5oWi4oaS6LCD57KX44CC	L3N0YXRpYy9ob3lpL25vbmUucG5n	65	320	0	0	92	1	1	3	20	15	5	40	35	20	15	0	0
factory-v3-012	dark	5rex54OYRmxhdCBXaGl0ZQ==	5r6z55m96aOO5qC85rex54OY5Z-65bqV77yM6LSo5Zyw57uG6IW777yM6YWN5q-U57qmMTUwbWzlpbbjgIIg44CQ57KJ6YeP57KJ56KX44CR5bu66K6u57KJ6YeP77yaMTjigJMyMGfjgILmjqjojZDmoIfphY0xOOKAkzIwZ-eyieeil--8iOS4rea1gemAn--8ie-8m-WPr-mAiemFjUVYMueyieeil--8iOS4rea1gemAn--8ieabv-aNouOAguiLpeWunumZheWHuua2suWBj-aFouOAgeaDs-aPkOa1gemAn--8jOWPr-WwneivlemAiemFjUVYMe-8iOS4reW_q-a1gemAn--8ieW5tuW-ruiwg-eglOejqOOAguacrOabsue6v-S4uuS4rea1gemAn-WPluWQke-8jOagh-mFjeS4jkVYMuWQjOWxnuS4rea1gemAn-abtOeos--8m0VYMeS7heWcqOWHuua2suWBj-aFouaXtuS9nOS4uuaPkOmAn-mAiemhueOAgua3seeDmOWinueyieWPr-WHj-WwkeWktOmDqOepuumXtO-8jOacieWKqeS6jumZjeS9juiQg-WQjueyiemlvOa5v-a2puOAguWPguiAg-eyiea2suavlOe6pjE6MS4177yI5YGc5ray6YeN57qmMjhn77yJ44CCIOOAkOiwg-ejqOOAkeeglOejqOS4ree7huiHs-S4reetie-8iOa3seeDmOmYu-WKm-i-g-S9ju-8jOi_h-e7huaYk-i_h-iQg-iLpu-8ieOAguS4u-iQg-e6pjliYXLmoaPvvIzlu7rorq7mgLvokIPlj5bml7bpl7TnuqYyNeKAkzMyc-OAguiLpeWOi-WKm-acqui-vuebruagh-Wwsei_h-W_q-Whq-a7oea2sumHj-KGkuiwg-e7hu-8m-i_n-i_n-S4jeS4iuWOiy_mu7TmtrLov4fmhaLihpLosIPnspfjgIIg5Y-C6ICD5YGc5ray6YeN57qmMjhn44CC	L3N0YXRpYy9ob3lpL25vbmUucG5n	63	280	0	2	92	0	0	3	20	15	5	90	30	65	18	0	0
factory-v3-013	dark	5rex54OYQmxvb20gOWJhcg==	6aKE5rW45rOh5ZCO5oGS5Y6LOWJhcuS4u-iQg--8jOaPkOWNh-eyieWxguWdh-WMgOaAp--8jOmAguWQiOa3seeDmOaXpeW4uOaEj-W8j-OAgiDjgJDnsonph4_nsonnopfjgJHlu7rorq7nsonph4_vvJoxOOKAkzIwZ--8iOWPr-WKoOiHszIx4oCTMjJn77yJ44CC5o6o6I2Q5qCH6YWNMTjigJMyMGfnsonnopfvvIjkuK3mtYHpgJ_vvIzmt7Hng5jlj6_oo4Xloavnuqboh7MyMmflh4_lpLTpg6jnqbrpl7TvvInvvJvmiJbmoIfphY0yMOKAkzIyZ-eyieeil-ijhTIw4oCTMjJn44CC5Y-v6YCJ6YWNRVgy77yI5Lit5rWB6YCf77yJ5pu_5o2i5qCH6YWN44CC5pys5puy57q_5Li65Lit5rWB6YCf5Y-W5ZCR77yM5qCH6YWN5LiORVgy5ZCM5bGe5Lit5rWB6YCf5pu056iz77ybRVgx5LuF5Zyo5Ye65ray5YGP5oWi5pe25L2c5Li65o-Q6YCf6YCJ6aG544CC5rex54OY5aKe57KJ5Y-v5YeP5bCR5aS06YOo56m66Ze077yM5pyJ5Yqp5LqO6ZmN5L2O6JCD5ZCO57KJ6aW85rm_5ram44CC5Y-C6ICD57KJ5ray5q-U57qmMToxLjnvvIjlgZzmtrLph43nuqYzNmfvvInjgIIg44CQ6LCD56Oo44CR56CU56Oo5Lit57uG6Iez5Lit562J77yI5rex54OY6Zi75Yqb6L6D5L2O77yM6L-H57uG5piT6L-H6JCD6Ium77yJ44CC5Li76JCD57qmOWJhcuaho--8jOW7uuiuruaAu-iQg-WPluaXtumXtOe6pjI14oCTMzJz44CC6aKE5rW45q616KeC5a-f57KJ5bGC5rW45ram77ya6Iul5Y6L5Yqb5pyq6L6-55uu5qCH5bCx6L-H5b-r5aGr5ruh5ray6YeP4oaS6LCD57uG77yb6L-f6L-f5LiN5LiK5Y6LL-a7tOa2sui_h-aFouKGkuiwg-eyl-OAgiDlj4LogIPlgZzmtrLph43nuqYzNmfjgII=	L3N0YXRpYy9ob3lpL25vbmUucG5n	70	360	0	5	92	0	0	3	25	18	6	90	42	60	10	0	0
factory-v3-014	dark	5rex54OY5L2O5Y6L55Sc5oSf	5YWo56iL5YGP5L2O5Y6L77yM6ZmN5L2O6Ium5oSf44CB5o-Q5Y2H55Sc5oSf5LiO6aG65ruR5bqm77yM6YCC5ZCI5YGP5bmy5rex54OY6LGG44CCIOOAkOeyiemHj-eyieeil-OAkeW7uuiurueyiemHj--8mjE44oCTMjBn77yI5Y-v5Yqg6IezMjHigJMyMmfvvInjgILmjqjojZDmoIfphY0xOOKAkzIwZ-eyieeil--8iOS4rea1gemAn--8jOa3seeDmOWPr-ijheWhq-e6puiHszIyZ-WHj-WktOmDqOepuumXtO-8ie-8m-aIluagh-mFjTIw4oCTMjJn57KJ56KX6KOFMjDigJMyMmfjgILlj6_pgInphY1FWDLvvIjkuK3mtYHpgJ_vvInmm7_mjaLmoIfphY3jgILmnKzmm7Lnur_kuLrkuK3mtYHpgJ_lj5blkJHvvIzmoIfphY3kuI5FWDLlkIzlsZ7kuK3mtYHpgJ_mm7TnqLPvvJtFWDHku4XlnKjlh7rmtrLlgY_mhaLml7bkvZzkuLrmj5DpgJ_pgInpobnjgILmt7Hng5jlop7nsonlj6_lh4_lsJHlpLTpg6jnqbrpl7TvvIzmnInliqnkuo7pmY3kvY7okIPlkI7nsonppbzmub_mtqbjgILlj4LogIPnsonmtrLmr5TnuqYxOjEuOO-8iOWBnOa2sumHjee6pjM0Z--8ieOAgiDjgJDosIPno6jjgJHnoJTno6jkuK3nu4boh7PkuK3nrYnvvIjmt7Hng5jpmLvlipvovoPkvY7vvIzov4fnu4bmmJPov4fokIPoi6bvvInjgILkuLvokIPlgY_kvY7ljovmoaPvvIzlu7rorq7mgLvokIPlj5bml7bpl7TnuqYyNeKAkzMyc-OAguiLpeWOi-WKm-acqui-vuebruagh-Wwsei_h-W_q-Whq-a7oea2sumHj-KGkuiwg-e7hu-8m-i_n-i_n-S4jeS4iuWOiy_mu7TmtrLov4fmhaLihpLosIPnspfjgIIg5Y-C6ICD5YGc5ray6YeN57qmMzRn44CC	L3N0YXRpYy9ob3lpL25vbmUucG5n	65	340	0	0	90	0	0	2	70	45	26	50	20	0	0	0	0
factory-v3-015	dark	5rex54OYU2xheWVy5byP	6ZW_6aKE5rW4K-e8k-WNh-WOi--8jOaooeaLn1NsYXllcumjjuagvO-8jOeqgeWHuueEpuezluS4juW3p-WFi-WKm-WxguasoeOAgiDjgJDnsonph4_nsonnopfjgJHlu7rorq7nsonph4_vvJoxOOKAkzIwZ--8iOWPr-WKoOiHszIx4oCTMjJn77yJ44CC5o6o6I2Q5qCH6YWNMTjigJMyMGfnsonnopfvvIjkuK3mtYHpgJ_vvIzmt7Hng5jlj6_oo4Xloavnuqboh7MyMmflh4_lpLTpg6jnqbrpl7TvvInvvJvmiJbmoIfphY0yMOKAkzIyZ-eyieeil-ijhTIw4oCTMjJn44CC5Y-v6YCJ6YWNRVgy77yI5Lit5rWB6YCf77yJ5pu_5o2i5qCH6YWN44CC5pys5puy57q_5Li65Lit5rWB6YCf5Y-W5ZCR77yM5qCH6YWN5LiORVgy5ZCM5bGe5Lit5rWB6YCf5pu056iz77ybRVgx5LuF5Zyo5Ye65ray5YGP5oWi5pe25L2c5Li65o-Q6YCf6YCJ6aG544CC5rex54OY5aKe57KJ5Y-v5YeP5bCR5aS06YOo56m66Ze077yM5pyJ5Yqp5LqO6ZmN5L2O6JCD5ZCO57KJ6aW85rm_5ram44CCIOOAkOiwg-ejqOOAkeeglOejqOS4ree7huiHs-S4reetie-8iOa3seeDmOmYu-WKm-i-g-S9ju-8jOi_h-e7huaYk-i_h-iQg-iLpu-8ieOAguS4u-iQg-S4remrmOWOi-aho--8jOW7uuiuruaAu-iQg-WPluaXtumXtOe6pjI14oCTMzJz44CC6aKE5rW45q616KeC5a-f57KJ5bGC5rW45ram77ya6Iul5Y6L5Yqb5pyq6L6-55uu5qCH5bCx6L-H5b-r5aGr5ruh5ray6YeP4oaS6LCD57uG77yb6L-f6L-f5LiN5LiK5Y6LL-a7tOa2sui_h-aFouKGkuiwg-eyl-OAgg==	L3N0YXRpYy9ob3lpL25vbmUucG5n	70	0	0	8	92	0	0	3	20	25	10	85	35	60	10	0	0
factory-v3-016	dark	5rex54OY5Y-Y5rWB5bmz56iz	5Y-Y5rWB5LiJ5q6177ya6aKE5rW4LeS4u-iQgy3mlLblsL7vvIzlj6PmhJ_mm7TlnIbmtqbvvIzpgILlkIjmi7_pk4Ev5r6z55m944CCIOOAkOeyiemHj-eyieeil-OAkeW7uuiurueyiemHj--8mjE44oCTMjBn77yI5Y-v5Yqg6IezMjHigJMyMmfvvInjgILmjqjojZDmoIfphY0xOOKAkzIwZ-eyieeil--8iOS4rea1gemAn--8jOa3seeDmOWPr-ijheWhq-e6puiHszIyZ-WHj-WktOmDqOepuumXtO-8ie-8m-aIluagh-mFjTIw4oCTMjJn57KJ56KX6KOFMjDigJMyMmfjgILlj6_pgInphY1FWDLvvIjkuK3mtYHpgJ_vvInmm7_mjaLmoIfphY3jgILmnKzmm7Lnur_kuLrkuK3mtYHpgJ_lj5blkJHvvIzmoIfphY3kuI5FWDLlkIzlsZ7kuK3mtYHpgJ_mm7TnqLPvvJtFWDHku4XlnKjlh7rmtrLlgY_mhaLml7bkvZzkuLrmj5DpgJ_pgInpobnjgILmt7Hng5jlop7nsonlj6_lh4_lsJHlpLTpg6jnqbrpl7TvvIzmnInliqnkuo7pmY3kvY7okIPlkI7nsonppbzmub_mtqbjgILlj4LogIPnsonmtrLmr5TnuqYxOjEuOe-8iOWBnOa2sumHjee6pjM2Z--8ieOAgiDjgJDosIPno6jjgJHnoJTno6jkuK3nu4boh7PkuK3nrYnvvIjmt7Hng5jpmLvlipvovoPkvY7vvIzov4fnu4bmmJPov4fokIPoi6bvvInjgILkuLvmrrXnm67moIfmtYHpgJ_nuqYgMy41IG1sL3PvvIjmrrXmtYHpgJ_vvJozLjUgLyAyLjAgbWwvc--8ieOAguS7peS4u-autea1gemAn-S4uuWHhuiwg-ejqO-8muWunumZhea1gemAn-WBj-W_q-KGkuiwg-e7hu-8m-WBj-aFouKGkuiwg-eyl-OAgg==	L3N0YXRpYy9ob3lpL25vbmUucG5n	70	360	0	0	92	1	1	3	20	18	6	35	40	20	12	0	0
factory-v3-017	dark	5rex54OY5Yaw6JCD5Z-65bqV	5YGP6auY5ray6YeP44CB55Wl6ZmN5Y6L5Yqb77yM6YCC5ZCI5YCS5YWl5Yaw5rC05oiW5Yaw5Z2X5Yi25L2c5Yaw576O5byP44CCIOOAkOeyiemHj-eyieeil-OAkeW7uuiurueyiemHj--8mjE44oCTMjBn77yI5Y-v5Yqg6IezMjHigJMyMmfvvInjgILmjqjojZDpgInphY1FWDHnsonnopfvvIjkuK3lv6vmtYHpgJ_vvIzmm7TljLnphY3mnKzmm7Lnur_ovoPlv6vlh7rmtrLvvInvvJvmoIfphY0xOOKAkzIwZ-eyieeil--8iOS4rea1gemAn--8ieS5n-WPr--8jOmcgOebuOW6lOiwg-eyl-eglOejqOS7pei3n-S4iua1gemAn-OAguacrOabsue6v-WBj-S4reW_q-a1gemAn--8jEVYMeabtOaYk-i-vuWIsOebruagh-a1gemAn-S4jua4heeIveWPo-aEn-OAgua3seeDmOWinueyieWPr-WHj-WwkeWktOmDqOepuumXtO-8jOacieWKqeS6jumZjeS9juiQg-WQjueyiemlvOa5v-a2puOAgiDjgJDosIPno6jjgJHnoJTno6jkuK3nu4boh7PkuK3nrYnvvIjmt7Hng5jpmLvlipvovoPkvY7vvIzov4fnu4bmmJPov4fokIPoi6bvvInjgILkuLvmrrXnm67moIfmtYHpgJ_nuqYgNS4wIG1sL3PvvIjmrrXmtYHpgJ_vvJo1LjAgLyAyLjUgbWwvc--8ieOAguebruagh-S4u-autea1gemAn-WBj-mrmO-8jOiLpeWunumZhea1gemAn-aYjuaYvuS9juS6juebruagh-WImeiwg-eyl--8m-aYjuaYvumrmOS6juebruagh-WImeiwg-e7huOAgg==	L3N0YXRpYy9ob3lpL25vbmUucG5n	85	0	0	0	90	1	1	3	20	20	5	50	50	25	15	0	0
factory-v3-018	dark	5rex54OY5Y-M5YCN5rWT57yp	5qCH5YeG5Y-M5Lu9RXNwcmVzc2_pgLvovpHvvIzlgZzmtrLph43nuqYzNmfvvIznu4_lhbg5YmFy5Li76JCD44CCIOOAkOeyiemHj-eyieeil-OAkeW7uuiurueyiemHj--8mjE44oCTMjBn77yI5Y-v5Yqg6IezMjHigJMyMmfvvInjgILmjqjojZDmoIfphY0xOOKAkzIwZ-eyieeil--8iOS4rea1gemAn--8jOa3seeDmOWPr-ijheWhq-e6puiHszIyZ-WHj-WktOmDqOepuumXtO-8ie-8m-aIluagh-mFjTIw4oCTMjJn57KJ56KX6KOFMjDigJMyMmfjgILlj6_pgInphY1FWDLvvIjkuK3mtYHpgJ_vvInmm7_mjaLmoIfphY3jgILmnKzmm7Lnur_kuLrkuK3mtYHpgJ_lj5blkJHvvIzmoIfphY3kuI5FWDLlkIzlsZ7kuK3mtYHpgJ_mm7TnqLPvvJtFWDHku4XlnKjlh7rmtrLlgY_mhaLml7bkvZzkuLrmj5DpgJ_pgInpobnjgILmt7Hng5jlop7nsonlj6_lh4_lsJHlpLTpg6jnqbrpl7TvvIzmnInliqnkuo7pmY3kvY7okIPlkI7nsonppbzmub_mtqbjgILlj4LogIPnsonmtrLmr5TnuqYxOjEuOe-8iOWBnOa2sumHjee6pjM2Z--8ieOAgiDjgJDosIPno6jjgJHnoJTno6jkuK3nu4boh7PkuK3nrYnvvIjmt7Hng5jpmLvlipvovoPkvY7vvIzov4fnu4bmmJPov4fokIPoi6bvvInjgILkuLvokIPnuqY5YmFy5qGj77yM5bu66K6u5oC76JCD5Y-W5pe26Ze057qmMjXigJMzMnPjgILoi6XljovlipvmnKrovr7nm67moIflsLHov4flv6vloavmu6HmtrLph4_ihpLosIPnu4bvvJvov5_ov5_kuI3kuIrljosv5ru05ray6L-H5oWi4oaS6LCD57KX44CCIOWPguiAg-WBnOa2sumHjee6pjM2Z-OAgg==	L3N0YXRpYy9ob3lpL25vbmUucG5n	70	360	0	0	92	0	0	2	90	55	25	60	15	0	0	0	0
factory-v3-019	dark	5rex54OY5Y2V5Lu95rWT57yp	5Y2V5Lu955-t6JCD77yM6YCC5ZCI5bCP5p2v5oSP5byP55u06aWu44CCIOOAkOeyiemHj-eyieeil-OAkeW7uuiurueyiemHj--8mjE04oCTMTZn44CC5bu66K6u5L2_55So5qCH6YWNMTjigJMyMGfnsonnopfvvIjkuK3mtYHpgJ_vvInlgZrljZXku73oo4XloavvvJvlj6_pgInphY1FWDLjgILpgJrluLjml6DpnIBFWDHjgILljZXku73ku6XkuK3mtYHpgJ_nsonnopfmm7TmmJPmjqfliLbjgILlj4LogIPnsonmtrLmr5TnuqYxOjEuMu-8iOWBnOa2sumHjee6pjE4Z--8ieOAgiDjgJDosIPno6jjgJHnoJTno6jkuK3nu4boh7PkuK3nrYnvvIjmt7Hng5jpmLvlipvovoPkvY7vvIzov4fnu4bmmJPov4fokIPoi6bvvInjgILkuLvokIPnuqY5YmFy5qGj77yM5bu66K6u5oC76JCD5Y-W5pe26Ze057qmMjXigJMzMnPjgILoi6XljovlipvmnKrovr7nm67moIflsLHov4flv6vloavmu6HmtrLph4_ihpLosIPnu4bvvJvov5_ov5_kuI3kuIrljosv5ru05ray6L-H5oWi4oaS6LCD57KX44CCIOWPguiAg-WBnOa2sumHjee6pjE4Z-OAgg==	L3N0YXRpYy9ob3lpL25vbmUucG5n	40	180	0	0	92	0	0	2	90	30	22	60	10	0	0	0	0
factory-v3-020	dark	5rex54OY6auY5Y6L5Yay6aG2	5Li76JCD5Yay6IezOS41YmFy5ZCO6ZmN5Y6L5pS25bC-77yM6YCC5ZCI5rK56ISC6ZyA5rGC6auY55qE5rex54OY44CCIOOAkOeyiemHj-eyieeil-OAkeW7uuiurueyiemHj--8mjE44oCTMjBn77yI5Y-v5Yqg6IezMjHigJMyMmfvvInjgILmjqjojZDmoIfphY0xOOKAkzIwZ-eyieeil--8iOS4rea1gemAn--8jOa3seeDmOWPr-ijheWhq-e6puiHszIyZ-WHj-WktOmDqOepuumXtO-8ie-8m-aIluagh-mFjTIw4oCTMjJn57KJ56KX6KOFMjDigJMyMmfjgILlj6_pgInphY1FWDLvvIjkuK3mtYHpgJ_vvInmm7_mjaLmoIfphY3jgILmnKzmm7Lnur_kuLrkuK3mtYHpgJ_lj5blkJHvvIzmoIfphY3kuI5FWDLlkIzlsZ7kuK3mtYHpgJ_mm7TnqLPvvJtFWDHku4XlnKjlh7rmtrLlgY_mhaLml7bkvZzkuLrmj5DpgJ_pgInpobnjgILmt7Hng5jlop7nsonlj6_lh4_lsJHlpLTpg6jnqbrpl7TvvIzmnInliqnkuo7pmY3kvY7okIPlkI7nsonppbzmub_mtqbjgILlj4LogIPnsonmtrLmr5TnuqYxOjEuOe-8iOWBnOa2sumHjee6pjM2Z--8ieOAgiDjgJDosIPno6jjgJHnoJTno6jkuK3nu4boh7PkuK3nrYnvvIjmt7Hng5jpmLvlipvovoPkvY7vvIzov4fnu4bmmJPov4fokIPoi6bvvInjgILkuLvokIPnuqY5YmFy5qGj77yM5bu66K6u5oC76JCD5Y-W5pe26Ze057qmMjXigJMzMnPjgILoi6XljovlipvmnKrovr7nm67moIflsLHov4flv6vloavmu6HmtrLph4_ihpLosIPnu4bvvJvov5_ov5_kuI3kuIrljosv5ru05ray6L-H5oWi4oaS6LCD57KX44CCIOWPguiAg-WBnOa2sumHjee6pjM2Z-OAgg==	L3N0YXRpYy9ob3lpL25vbmUucG5n	70	360	0	0	91	0	0	3	30	15	5	95	40	60	15	0	0
factory-v3-021	dark	5rex54OY5oWi5rWB55Sc	5L2O5rWB6YCf5ouJ6ZW_5o6l6Kem5pe26Ze077yM5aKe5by655Sc5oSf77yM5rOo5oSP56CU56Oo55Wl57KX6Ziy6L-H6JCD6Ium44CCIOOAkOeyiemHj-eyieeil-OAkeW7uuiurueyiemHj--8mjE44oCTMjBn77yI5Y-v5Yqg6IezMjHigJMyMmfvvInjgILmjqjojZDmoIfphY0xOOKAkzIwZ-eyieeil--8iOS4rea1gemAn--8ie-8m-WPr-mAiemFjUVYMueyieeil--8iOS4rea1gemAn--8ieOAguS4jeW7uuiurkVYMe-8iOS4reW_q-a1gemAn--8ie-8jOWQpuWImeS4jeaYk-WOi-S9j-a1gemAn-OAguacrOabsue6v-WBj-aFoi_pq5jpmLvokIPlj5bvvIzkvJjlhYjkuK3mtYHpgJ_nsonnopfku6XnqLPkvY_mjqXop6bml7bpl7TjgILmt7Hng5jlop7nsonlj6_lh4_lsJHlpLTpg6jnqbrpl7TvvIzmnInliqnkuo7pmY3kvY7okIPlkI7nsonppbzmub_mtqbjgIIg44CQ6LCD56Oo44CR56CU56Oo5Lit57uG6Iez5Lit562J77yI5rex54OY6Zi75Yqb6L6D5L2O77yM6L-H57uG5piT6L-H6JCD6Ium77yJ44CC5Li75q6155uu5qCH5rWB6YCf57qmIDIuMiBtbC9z77yI5q615rWB6YCf77yaMi4yIC8gMS41IG1sL3PvvInjgILnm67moIfkuLvmrrXmtYHpgJ_lgY_kvY7jgIHmjqXop6bml7bpl7Tmm7Tplb_vvIzoi6Xlrp7pmYXmtYHpgJ_ov4flv6vvvIjnsonlsYLpmLvlipvkuI3otrPvvInor7fosIPnu4bvvJvov4fmhaLliJnnlaXosIPnspfpmLLpl7foi6bjgII=	L3N0YXRpYy9ob3lpL25vbmUucG5n	65	0	0	0	91	1	1	3	20	15	6	22	40	15	10	0	0
factory-v3-022	dark	5rex54OY5b-r5rWB5bmy5YeA	6L6D6auY5rWB6YCf57yp55-t5pe26Ze077yM6ZmN5L2O6L-H6JCD6aOO6Zmp77yM5Y-j5oSf5pu05bmy5YeA44CCIOOAkOeyiemHj-eyieeil-OAkeW7uuiurueyiemHj--8mjE44oCTMjBn77yI5Y-v5Yqg6IezMjHigJMyMmfvvInjgILmjqjojZDpgInphY1FWDHnsonnopfvvIjkuK3lv6vmtYHpgJ_vvIzmm7TljLnphY3mnKzmm7Lnur_ovoPlv6vlh7rmtrLvvInvvJvmoIfphY0xOOKAkzIwZ-eyieeil--8iOS4rea1gemAn--8ieS5n-WPr--8jOmcgOebuOW6lOiwg-eyl-eglOejqOS7pei3n-S4iua1gemAn-OAguacrOabsue6v-WBj-S4reW_q-a1gemAn--8jEVYMeabtOaYk-i-vuWIsOebruagh-a1gemAn-S4jua4heeIveWPo-aEn-OAgua3seeDmOWinueyieWPr-WHj-WwkeWktOmDqOepuumXtO-8jOacieWKqeS6jumZjeS9juiQg-WQjueyiemlvOa5v-a2puOAgiDjgJDosIPno6jjgJHnoJTno6jkuK3nu4boh7PkuK3nrYnvvIjmt7Hng5jpmLvlipvovoPkvY7vvIzov4fnu4bmmJPov4fokIPoi6bvvInjgILkuLvmrrXnm67moIfmtYHpgJ_nuqYgNS4wIG1sL3PvvIjmrrXmtYHpgJ_vvJo1LjAgLyAzLjAgbWwvc--8ieOAguebruagh-S4u-autea1gemAn-WBj-mrmO-8jOiLpeWunumZhea1gemAn-aYjuaYvuS9juS6juebruagh-WImeiwg-eyl--8m-aYjuaYvumrmOS6juebruagh-WImeiwg-e7huOAgg==	L3N0YXRpYy9ob3lpL25vbmUucG5n	70	0	0	0	92	1	1	3	20	12	4	50	45	30	13	0	0
factory-v3-023	dark	5rex54OY5pGp5Y2h5Z-65bqV	5YGP5rWT5Z-65bqV77yM5L6_5LqO5ben5YWL5Yqb6YWx6J6N5ZCI77yM56qB5Ye66Ium55Sc5bmz6KGh44CCIOOAkOeyiemHj-eyieeil-OAkeW7uuiurueyiemHj--8mjE44oCTMjBn44CC5o6o6I2Q5qCH6YWNMTjigJMyMGfnsonnopfvvIjkuK3mtYHpgJ_vvInvvJvlj6_pgInphY1FWDLnsonnopfvvIjkuK3mtYHpgJ_vvInmm7_mjaLjgILoi6Xlrp7pmYXlh7rmtrLlgY_mhaLjgIHmg7Pmj5DmtYHpgJ_vvIzlj6_lsJ3or5XpgInphY1FWDHvvIjkuK3lv6vmtYHpgJ_vvInlubblvq7osIPnoJTno6jjgILmnKzmm7Lnur_kuLrkuK3mtYHpgJ_lj5blkJHvvIzmoIfphY3kuI5FWDLlkIzlsZ7kuK3mtYHpgJ_mm7TnqLPvvJtFWDHku4XlnKjlh7rmtrLlgY_mhaLml7bkvZzkuLrmj5DpgJ_pgInpobnjgILmt7Hng5jlop7nsonlj6_lh4_lsJHlpLTpg6jnqbrpl7TvvIzmnInliqnkuo7pmY3kvY7okIPlkI7nsonppbzmub_mtqbjgILlj4LogIPnsonmtrLmr5TnuqYxOjEuNe-8iOWBnOa2sumHjee6pjI4Z--8ieOAgiDjgJDosIPno6jjgJHnoJTno6jkuK3nu4boh7PkuK3nrYnvvIjmt7Hng5jpmLvlipvovoPkvY7vvIzov4fnu4bmmJPov4fokIPoi6bvvInjgILkuLvokIPnuqY5YmFy5qGj77yM5bu66K6u5oC76JCD5Y-W5pe26Ze057qmMjXigJMzMnPjgILoi6XljovlipvmnKrovr7nm67moIflsLHov4flv6vloavmu6HmtrLph4_ihpLosIPnu4bvvJvov5_ov5_kuI3kuIrljosv5ru05ray6L-H5oWi4oaS6LCD57KX44CCIOWPguiAg-WBnOa2sumHjee6pjI4Z-OAgg==	L3N0YXRpYy9ob3lpL25vbmUucG5n	55	280	0	0	91	0	0	3	20	12	5	90	35	60	8	0	0
factory-v3-024	dark	5rex54OY5oSP5byP57uP5YW4	5oGS5Y6LOWJhcue7j-WFuOaEj-W8j--8jOeugOa0geeos-Wumu-8jOmAguWQiOaXpeW4uOWHuuWTgeOAgiDjgJDnsonph4_nsonnopfjgJHlu7rorq7nsonph4_vvJoxOOKAkzIwZ--8iOWPr-WKoOiHszIx4oCTMjJn77yJ44CC5o6o6I2Q5qCH6YWNMTjigJMyMGfnsonnopfvvIjkuK3mtYHpgJ_vvIzmt7Hng5jlj6_oo4Xloavnuqboh7MyMmflh4_lpLTpg6jnqbrpl7TvvInvvJvmiJbmoIfphY0yMOKAkzIyZ-eyieeil-ijhTIw4oCTMjJn44CC5Y-v6YCJ6YWNRVgy77yI5Lit5rWB6YCf77yJ5pu_5o2i5qCH6YWN44CC5pys5puy57q_5Li65Lit5rWB6YCf5Y-W5ZCR77yM5qCH6YWN5LiORVgy5ZCM5bGe5Lit5rWB6YCf5pu056iz77ybRVgx5LuF5Zyo5Ye65ray5YGP5oWi5pe25L2c5Li65o-Q6YCf6YCJ6aG544CC5rex54OY5aKe57KJ5Y-v5YeP5bCR5aS06YOo56m66Ze077yM5pyJ5Yqp5LqO6ZmN5L2O6JCD5ZCO57KJ6aW85rm_5ram44CC5Y-C6ICD57KJ5ray5q-U57qmMToxLjnvvIjlgZzmtrLph43nuqYzNmfvvInjgIIg44CQ6LCD56Oo44CR56CU56Oo5Lit57uG6Iez5Lit562J77yI5rex54OY6Zi75Yqb6L6D5L2O77yM6L-H57uG5piT6L-H6JCD6Ium77yJ44CC5Li76JCD57qmOWJhcuaho--8jOW7uuiuruaAu-iQg-WPluaXtumXtOe6pjI14oCTMzJz44CC6Iul5Y6L5Yqb5pyq6L6-55uu5qCH5bCx6L-H5b-r5aGr5ruh5ray6YeP4oaS6LCD57uG77yb6L-f6L-f5LiN5LiK5Y6LL-a7tOa2sui_h-aFouKGkuiwg-eyl-OAgiDlj4LogIPlgZzmtrLph43nuqYzNmfjgII=	L3N0YXRpYy9ob3lpL25vbmUucG5n	65	360	0	0	92	0	0	2	90	55	27	60	10	0	0	0	0
factory-v3-025	dark	5rex54OY6aKE5rW4576O5byPKw==	5pu06ZW_6aKE5rW45o-Q5Y2H5LiA6Ie05oCn77yM5rWT57yp5Z-65bqV5Yqg5rC0MjUwbWzjgIIg44CQ57KJ6YeP57KJ56KX44CR5bu66K6u57KJ6YeP77yaMTjigJMyMGfvvIjlj6_liqDoh7MyMeKAkzIyZ--8ieOAguaOqOiNkOagh-mFjTE44oCTMjBn57KJ56KX77yI5Lit5rWB6YCf77yM5rex54OY5Y-v6KOF5aGr57qm6IezMjJn5YeP5aS06YOo56m66Ze077yJ77yb5oiW5qCH6YWNMjDigJMyMmfnsonnopfoo4UyMOKAkzIyZ-OAguWPr-mAiemFjUVYMu-8iOS4rea1gemAn--8ieabv-aNouagh-mFjeOAguacrOabsue6v-S4uuS4rea1gemAn-WPluWQke-8jOagh-mFjeS4jkVYMuWQjOWxnuS4rea1gemAn-abtOeos--8m0VYMeS7heWcqOWHuua2suWBj-aFouaXtuS9nOS4uuaPkOmAn-mAiemhueOAgua3seeDmOWinueyieWPr-WHj-WwkeWktOmDqOepuumXtO-8jOacieWKqeS6jumZjeS9juiQg-WQjueyiemlvOa5v-a2puOAgiDjgJDosIPno6jjgJHnoJTno6jkuK3nu4boh7PkuK3nrYnvvIjmt7Hng5jpmLvlipvovoPkvY7vvIzov4fnu4bmmJPov4fokIPoi6bvvInjgILkuLvokIPkuK3pq5jljovmoaPvvIzlu7rorq7mgLvokIPlj5bml7bpl7TnuqYyNeKAkzMyc-OAgumihOa1uOauteinguWvn-eyieWxgua1uOa2pu-8muiLpeWOi-WKm-acqui-vuebruagh-Wwsei_h-W_q-Whq-a7oea2sumHj-KGkuiwg-e7hu-8m-i_n-i_n-S4jeS4iuWOiy_mu7TmtrLov4fmhaLihpLosIPnspfjgII=	L3N0YXRpYy9ob3lpL25vbmUucG5n	75	0	0	6	92	0	0	3	20	25	8	85	40	60	10	0	0
factory-v3-026	dark	5rex54OY5aW25ZKW55Sc5oSf	5Y-Y5rWB5pS25bC-5pu05p-U5ZKM77yM6ZmN5L2O5bCW6YW45LiO5bmy5rap77yM6YCC5ZCI54mb5aW26aWu5ZOB44CCIOOAkOeyiemHj-eyieeil-OAkeW7uuiurueyiemHj--8mjE44oCTMjBn77yI5Y-v5Yqg6IezMjHigJMyMmfvvInjgILmjqjojZDmoIfphY0xOOKAkzIwZ-eyieeil--8iOS4rea1gemAn--8jOa3seeDmOWPr-ijheWhq-e6puiHszIyZ-WHj-WktOmDqOepuumXtO-8ie-8m-aIluagh-mFjTIw4oCTMjJn57KJ56KX6KOFMjDigJMyMmfjgILlj6_pgInphY1FWDLvvIjkuK3mtYHpgJ_vvInmm7_mjaLmoIfphY3jgILmnKzmm7Lnur_kuLrkuK3mtYHpgJ_lj5blkJHvvIzmoIfphY3kuI5FWDLlkIzlsZ7kuK3mtYHpgJ_mm7TnqLPvvJtFWDHku4XlnKjlh7rmtrLlgY_mhaLml7bkvZzkuLrmj5DpgJ_pgInpobnjgILmt7Hng5jlop7nsonlj6_lh4_lsJHlpLTpg6jnqbrpl7TvvIzmnInliqnkuo7pmY3kvY7okIPlkI7nsonppbzmub_mtqbjgILlj4LogIPnsonmtrLmr5TnuqYxOjEuOO-8iOWBnOa2sumHjee6pjM0Z--8ieOAgiDjgJDosIPno6jjgJHnoJTno6jkuK3nu4boh7PkuK3nrYnvvIjmt7Hng5jpmLvlipvovoPkvY7vvIzov4fnu4bmmJPov4fokIPoi6bvvInjgILkuLvmrrXnm67moIfmtYHpgJ_nuqYgMy44IG1sL3PvvIjmrrXmtYHpgJ_vvJozLjggLyAxLjggbWwvc--8ieOAguS7peS4u-autea1gemAn-S4uuWHhuiwg-ejqO-8muWunumZhea1gemAn-WBj-W_q-KGkuiwg-e7hu-8m-WBj-aFouKGkuiwg-eyl-OAgg==	L3N0YXRpYy9ob3lpL25vbmUucG5n	68	340	0	0	92	1	1	3	25	16	5	38	38	18	14	0	0
factory-v3-027	dark	5rex54OY55-t6JCD5r6z55m9Kw==	5pu055-t5ray6YeP44CB5pu05Y6a6LSo5Zyw77yM6YCC5ZCI5bCP5p2v5r6z55m944CCIOOAkOeyiemHj-eyieeil-OAkeW7uuiurueyiemHj--8mjE44oCTMjBn44CC5o6o6I2Q5qCH6YWNMTjigJMyMGfnsonnopfvvIjkuK3mtYHpgJ_vvInvvJvlj6_pgInphY1FWDLnsonnopfvvIjkuK3mtYHpgJ_vvInmm7_mjaLjgILoi6Xlrp7pmYXlh7rmtrLlgY_mhaLjgIHmg7Pmj5DmtYHpgJ_vvIzlj6_lsJ3or5XpgInphY1FWDHvvIjkuK3lv6vmtYHpgJ_vvInlubblvq7osIPnoJTno6jjgILmnKzmm7Lnur_kuLrkuK3mtYHpgJ_lj5blkJHvvIzmoIfphY3kuI5FWDLlkIzlsZ7kuK3mtYHpgJ_mm7TnqLPvvJtFWDHku4XlnKjlh7rmtrLlgY_mhaLml7bkvZzkuLrmj5DpgJ_pgInpobnjgILmt7Hng5jlop7nsonlj6_lh4_lsJHlpLTpg6jnqbrpl7TvvIzmnInliqnkuo7pmY3kvY7okIPlkI7nsonppbzmub_mtqbjgILlj4LogIPnsonmtrLmr5TnuqYxOjEuMe-8iOWBnOa2sumHjee6pjIwZ--8ieOAgiDjgJDosIPno6jjgJHnoJTno6jkuK3nu4boh7PkuK3nrYnvvIjmt7Hng5jpmLvlipvovoPkvY7vvIzov4fnu4bmmJPov4fokIPoi6bvvInjgILkuLvokIPnuqY5YmFy5qGj77yM5bu66K6u5oC76JCD5Y-W5pe26Ze057qmMjXigJMzMnPjgILoi6XljovlipvmnKrovr7nm67moIflsLHov4flv6vloavmu6HmtrLph4_ihpLosIPnu4bvvJvov5_ov5_kuI3kuIrljosv5ru05ray6L-H5oWi4oaS6LCD57KX44CCIOWPguiAg-WBnOa2sumHjee6pjIwZ-OAgg==	L3N0YXRpYy9ob3lpL25vbmUucG5n	50	200	0	3	92	0	0	3	20	15	5	90	28	65	7	0	0
factory-v3-028	dark	5rex54OYQmxvb23lj5jmtYE=	5L2O5Y6L6aKE5rW45ZCO5Y-Y5rWB5Li76JCD77yM5bmz6KGh6YaH5Y6a5bqm5LiO6aG65ruR5oSf44CCIOOAkOeyiemHj-eyieeil-OAkeW7uuiurueyiemHj--8mjE44oCTMjBn77yI5Y-v5Yqg6IezMjHigJMyMmfvvInjgILmjqjojZDpgInphY1FWDHnsonnopfvvIjkuK3lv6vmtYHpgJ_vvIzmm7TljLnphY3mnKzmm7Lnur_ovoPlv6vlh7rmtrLvvInvvJvmoIfphY0xOOKAkzIwZ-eyieeil--8iOS4rea1gemAn--8ieS5n-WPr--8jOmcgOebuOW6lOiwg-eyl-eglOejqOS7pei3n-S4iua1gemAn-OAguacrOabsue6v-WBj-S4reW_q-a1gemAn--8jEVYMeabtOaYk-i-vuWIsOebruagh-a1gemAn-S4jua4heeIveWPo-aEn-OAgua3seeDmOWinueyieWPr-WHj-WwkeWktOmDqOepuumXtO-8jOacieWKqeS6jumZjeS9juiQg-WQjueyiemlvOa5v-a2puOAgiDjgJDosIPno6jjgJHnoJTno6jkuK3nu4boh7PkuK3nrYnvvIjmt7Hng5jpmLvlipvovoPkvY7vvIzov4fnu4bmmJPov4fokIPoi6bvvInjgILkuLvmrrXnm67moIfmtYHpgJ_nuqYgNC4wIG1sL3PvvIjmrrXmtYHpgJ_vvJo0LjAgLyAyLjIgbWwvc--8ieOAguS7peS4u-autea1gemAn-S4uuWHhuiwg-ejqO-8muWunumZhea1gemAn-WBj-W_q-KGkuiwg-e7hu-8m-WBj-aFouKGkuiwg-eyl-OAgg==	L3N0YXRpYy9ob3lpL25vbmUucG5n	70	0	0	4	92	1	1	3	20	20	6	40	40	22	10	0	0
factory-v3-029	dark	5rex54OY5pma6ZmN5Y6L	5Li76JCD5pe26Ze05pu06ZW_77yM5pyr5q616ZmN5Y6L5YeP5bCR5bC-5q616Ium5oSf44CCIOOAkOeyiemHj-eyieeil-OAkeW7uuiurueyiemHj--8mjE44oCTMjBn77yI5Y-v5Yqg6IezMjHigJMyMmfvvInjgILmjqjojZDmoIfphY0xOOKAkzIwZ-eyieeil--8iOS4rea1gemAn--8jOa3seeDmOWPr-ijheWhq-e6puiHszIyZ-WHj-WktOmDqOepuumXtO-8ie-8m-aIluagh-mFjTIw4oCTMjJn57KJ56KX6KOFMjDigJMyMmfjgILlj6_pgInphY1FWDLvvIjkuK3mtYHpgJ_vvInmm7_mjaLmoIfphY3jgILmnKzmm7Lnur_kuLrkuK3mtYHpgJ_lj5blkJHvvIzmoIfphY3kuI5FWDLlkIzlsZ7kuK3mtYHpgJ_mm7TnqLPvvJtFWDHku4XlnKjlh7rmtrLlgY_mhaLml7bkvZzkuLrmj5DpgJ_pgInpobnjgILmt7Hng5jlop7nsonlj6_lh4_lsJHlpLTpg6jnqbrpl7TvvIzmnInliqnkuo7pmY3kvY7okIPlkI7nsonppbzmub_mtqbjgILlj4LogIPnsonmtrLmr5TnuqYxOjEuOe-8iOWBnOa2sumHjee6pjM2Z--8ieOAgiDjgJDosIPno6jjgJHnoJTno6jkuK3nu4boh7PkuK3nrYnvvIjmt7Hng5jpmLvlipvovoPkvY7vvIzov4fnu4bmmJPov4fokIPoi6bvvInjgILkuLvokIPnuqY5YmFy5qGj77yM5bu66K6u5oC76JCD5Y-W5pe26Ze057qmMjXigJMzMnPjgILoi6XljovlipvmnKrovr7nm67moIflsLHov4flv6vloavmu6HmtrLph4_ihpLosIPnu4bvvJvov5_ov5_kuI3kuIrljosv5ru05ray6L-H5oWi4oaS6LCD57KX44CCIOWPguiAg-WBnOa2sumHjee6pjM2Z-OAgg==	L3N0YXRpYy9ob3lpL25vbmUucG5n	72	360	0	0	91	0	0	2	90	55	28	55	17	0	0	0	0
factory-v3-030	light	RXNwcmVzc2_mtYXng5g=	6YCa6L-H5L2O5Y6L6aKE5rW45rOh6YWN5ZCI5Y-Y5Y6L6JCD5Y-W5oqA5pyv77yM5ZGI546w5riF5pmw55qE6Iqx5p6c6aaZ5rCU5LiO5piO5Lqu6YW46LSo44CCIOOAkOeyiemHj-eyieeil-OAkeW7uuiurueyiemHj--8mjE54oCTMjBn44CC5o6o6I2Q5qCH6YWNMTjigJMyMGfnsonnopfvvIjkuK3mtYHpgJ_vvInvvJvlj6_pgInphY1FWDLnsonnopfvvIjkuK3mtYHpgJ_vvInmm7_mjaLjgILoi6Xlrp7pmYXlh7rmtrLlgY_mhaLjgIHmg7Pmj5DmtYHpgJ_vvIzlj6_lsJ3or5XpgInphY1FWDHvvIjkuK3lv6vmtYHpgJ_vvInlubblvq7osIPnoJTno6jjgILmnKzmm7Lnur_kuLrkuK3mtYHpgJ_lj5blkJHvvIzmoIfphY3kuI5FWDLlkIzlsZ7kuK3mtYHpgJ_mm7TnqLPvvJtFWDHku4XlnKjlh7rmtrLlgY_mhaLml7bkvZzkuLrmj5DpgJ_pgInpobnjgILlj4LogIPnsonmtrLmr5TnuqYxOjIuM--8iOWBnOa2sumHjee6pjQ1Z--8ieOAgiDjgJDosIPno6jjgJHnoJTno6jlgY_nu4bvvIjmtYXng5jpnIDmm7Tpq5jokIPlj5bpmLvlipvvvInjgILkuLvokIPnuqY5YmFy5qGj77yM5bu66K6u5oC76JCD5Y-W5pe26Ze057qmMjjigJMzNXPvvIjlkKvpooTmtbjvvInjgILpooTmtbjmrrXop4Llr5_nsonlsYLmtbjmtqbvvJroi6XpooTmtbjlkI7lvojlv6vlpLHmjqfllrfmtozihpLosIPnu4bvvJvplb_ml7bpl7Tmlq3nu63mu7TmtrLihpLnlaXosIPnspfjgIIg5Y-C6ICD5YGc5ray6YeN57qmNDVn44CC	L3N0YXRpYy9ob3lpL25vbmUucG5n	81	450	0	5	93	0	0	3	20	20	8	90	40	60	21	0	0
factory-v3-031	light	5rWF54OY576O5byP	6YCa6L-H5L2O5Y6L6aKE5rW45rOh6YWN5ZCI5Y-Y5Y6L6JCD5Y-W5oqA5pyv77yM5ZGI546w5riF5pmw55qE6Iqx5p6c6aaZ5rCU5LiO5piO5Lqu6YW46LSo44CC5bCG5rWT57yp5Z-65bqV5LiOMjUwbWznuq_lh4DmsLTmt7flkIjjgIIg44CQ57KJ6YeP57KJ56KX44CR5bu66K6u57KJ6YeP77yaMTnigJMyMGfjgILmjqjojZDmoIfphY0xOOKAkzIwZ-eyieeil--8iOS4rea1gemAn--8ie-8m-WPr-mAiemFjUVYMueyieeil--8iOS4rea1gemAn--8ieabv-aNouOAguiLpeWunumZheWHuua2suWBj-aFouOAgeaDs-aPkOa1gemAn--8jOWPr-WwneivlemAiemFjUVYMe-8iOS4reW_q-a1gemAn--8ieW5tuW-ruiwg-eglOejqOOAguacrOabsue6v-S4uuS4rea1gemAn-WPluWQke-8jOagh-mFjeS4jkVYMuWQjOWxnuS4rea1gemAn-abtOeos--8m0VYMeS7heWcqOWHuua2suWBj-aFouaXtuS9nOS4uuaPkOmAn-mAiemhueOAgiDjgJDosIPno6jjgJHnoJTno6jlgY_nu4bvvIjmtYXng5jpnIDmm7Tpq5jokIPlj5bpmLvlipvvvInjgILkuLvokIPnuqY5YmFy5qGj77yM5bu66K6u5oC76JCD5Y-W5pe26Ze057qmMjjigJMzNXPvvIjlkKvpooTmtbjvvInjgILpooTmtbjmrrXop4Llr5_nsonlsYLmtbjmtqbvvJroi6XpooTmtbjlkI7lvojlv6vlpLHmjqfllrfmtozihpLosIPnu4bvvJvplb_ml7bpl7Tmlq3nu63mu7TmtrLihpLnlaXosIPnspfjgII=	L3N0YXRpYy9ob3lpL25vbmUucG5n	75	0	0	5	93	0	0	3	20	20	8	90	35	60	20	0	0
factory-v3-032	light	5rWF54OY5r6z55m9	6YCa6L-H5L2O5Y6L6aKE5rW45rOh6YWN5ZCI5Y-Y5Y6L6JCD5Y-W5oqA5pyv77yM5ZGI546w5riF5pmw55qE6Iqx5p6c6aaZ5rCU5LiO5piO5Lqu6YW46LSo44CCIOOAkOeyiemHj-eyieeil-OAkeW7uuiurueyiemHj--8mjE54oCTMjBn44CC5o6o6I2Q5qCH6YWNMTjigJMyMGfnsonnopfvvIjkuK3mtYHpgJ_vvInvvJvlj6_pgInphY1FWDLnsonnopfvvIjkuK3mtYHpgJ_vvInmm7_mjaLjgILoi6Xlrp7pmYXlh7rmtrLlgY_mhaLjgIHmg7Pmj5DmtYHpgJ_vvIzlj6_lsJ3or5XpgInphY1FWDHvvIjkuK3lv6vmtYHpgJ_vvInlubblvq7osIPnoJTno6jjgILmnKzmm7Lnur_kuLrkuK3mtYHpgJ_lj5blkJHvvIzmoIfphY3kuI5FWDLlkIzlsZ7kuK3mtYHpgJ_mm7TnqLPvvJtFWDHku4XlnKjlh7rmtrLlgY_mhaLml7bkvZzkuLrmj5DpgJ_pgInpobnjgILlj4LogIPnsonmtrLmr5TnuqYxOjEuOO-8iOWBnOa2sumHjee6pjM1Z--8ieOAgiDjgJDosIPno6jjgJHnoJTno6jlgY_nu4bvvIjmtYXng5jpnIDmm7Tpq5jokIPlj5bpmLvlipvvvInjgILkuLvokIPnuqY5YmFy5qGj77yM5bu66K6u5oC76JCD5Y-W5pe26Ze057qmMjjigJMzNXPvvIjlkKvpooTmtbjvvInjgILoi6XpooTmtbjlkI7lvojlv6vlpLHmjqfllrfmtozihpLosIPnu4bvvJvplb_ml7bpl7Tmlq3nu63mu7TmtrLihpLnlaXosIPnspfjgIIg5Y-C6ICD5YGc5ray6YeN57qmMzVn44CC	L3N0YXRpYy9ob3lpL25vbmUucG5n	70	350	0	0	94	0	0	3	20	15	6	90	40	60	15	0	0
factory-v3-033	light	5rWF54OYQmxvb23plb_pooTmtbg=	5pu06ZW_6aKE5rW45YWF5YiG5o6S5rCU5LiO5rm_5ram77yM6ZmN5L2O6YCa6YGT5pWI5bqU77yM56qB5Ye66Iqx6aaZ5LiO5p6c6YW444CCIOOAkOeyiemHj-eyieeil-OAkeW7uuiurueyiemHj--8mjE54oCTMjBn44CC5o6o6I2Q5qCH6YWNMTjigJMyMGfnsonnopfvvIjkuK3mtYHpgJ_vvInvvJvlj6_pgInphY1FWDLnsonnopfvvIjkuK3mtYHpgJ_vvInmm7_mjaLjgILoi6Xlrp7pmYXlh7rmtrLlgY_mhaLjgIHmg7Pmj5DmtYHpgJ_vvIzlj6_lsJ3or5XpgInphY1FWDHvvIjkuK3lv6vmtYHpgJ_vvInlubblvq7osIPnoJTno6jjgILmnKzmm7Lnur_kuLrkuK3mtYHpgJ_lj5blkJHvvIzmoIfphY3kuI5FWDLlkIzlsZ7kuK3mtYHpgJ_mm7TnqLPvvJtFWDHku4XlnKjlh7rmtrLlgY_mhaLml7bkvZzkuLrmj5DpgJ_pgInpobnjgIIg44CQ6LCD56Oo44CR56CU56Oo5YGP57uG77yI5rWF54OY6ZyA5pu06auY6JCD5Y-W6Zi75Yqb77yJ44CC5Li76JCD5Lit6auY5Y6L5qGj77yM5bu66K6u5oC76JCD5Y-W5pe26Ze057qmMjjigJMzNXPvvIjlkKvpooTmtbjvvInjgILpooTmtbjmrrXop4Llr5_nsonlsYLmtbjmtqbvvJroi6XpooTmtbjlkI7lvojlv6vlpLHmjqfllrfmtozihpLosIPnu4bvvJvplb_ml7bpl7Tmlq3nu63mu7TmtrLihpLnlaXosIPnspfjgII=	L3N0YXRpYy9ob3lpL25vbmUucG5n	80	0	0	10	94	0	0	3	20	25	10	85	40	60	15	0	0
factory-v3-034	light	5rWF54OY5p6c6YW45piO5Lqu	55Wl6auY5rC05rip5LiO5Lit5ZCO5q616ZmN5Y6L77yM5pS-5aSn5piO5Lqu6YW46LSo5LiO55Sc5oSf44CCIOOAkOeyiemHj-eyieeil-OAkeW7uuiurueyiemHj--8mjE54oCTMjBn44CC5o6o6I2Q5qCH6YWNMTjigJMyMGfnsonnopfvvIjkuK3mtYHpgJ_vvInvvJvlj6_pgInphY1FWDLnsonnopfvvIjkuK3mtYHpgJ_vvInmm7_mjaLjgILoi6Xlrp7pmYXlh7rmtrLlgY_mhaLjgIHmg7Pmj5DmtYHpgJ_vvIzlj6_lsJ3or5XpgInphY1FWDHvvIjkuK3lv6vmtYHpgJ_vvInlubblvq7osIPnoJTno6jjgILmnKzmm7Lnur_kuLrkuK3mtYHpgJ_lj5blkJHvvIzmoIfphY3kuI5FWDLlkIzlsZ7kuK3mtYHpgJ_mm7TnqLPvvJtFWDHku4XlnKjlh7rmtrLlgY_mhaLml7bkvZzkuLrmj5DpgJ_pgInpobnjgILlj4LogIPnsonmtrLmr5TnuqYxOjIuMu-8iOWBnOa2sumHjee6pjQyZ--8ieOAgiDjgJDosIPno6jjgJHnoJTno6jlgY_nu4bvvIjmtYXng5jpnIDmm7Tpq5jokIPlj5bpmLvlipvvvInjgILkuLvokIPnuqY5YmFy5qGj77yM5bu66K6u5oC76JCD5Y-W5pe26Ze057qmMjjigJMzNXPvvIjlkKvpooTmtbjvvInjgILpooTmtbjmrrXop4Llr5_nsonlsYLmtbjmtqbvvJroi6XpooTmtbjlkI7lvojlv6vlpLHmjqfllrfmtozihpLosIPnu4bvvJvplb_ml7bpl7Tmlq3nu63mu7TmtrLihpLnlaXosIPnspfjgIIg5Y-C6ICD5YGc5ray6YeN57qmNDJn44CC	L3N0YXRpYy9ob3lpL25vbmUucG5n	78	420	0	6	94	0	0	3	25	18	7	90	42	55	18	0	0
factory-v3-035	light	5rWF54OY6Iqx6aaZU09F	5L2O5Y6L5ZCv5YqoKzliYXLkuLvokIPvvIzpgILlkIjoirHpppnkuLvlr7znmoTmtYXng5hTT0XjgIIg44CQ57KJ6YeP57KJ56KX44CR5bu66K6u57KJ6YeP77yaMTnigJMyMGfjgILmjqjojZDmoIfphY0xOOKAkzIwZ-eyieeil--8iOS4rea1gemAn--8ie-8m-WPr-mAiemFjUVYMueyieeil--8iOS4rea1gemAn--8ieabv-aNouOAguiLpeWunumZheWHuua2suWBj-aFouOAgeaDs-aPkOa1gemAn--8jOWPr-WwneivlemAiemFjUVYMe-8iOS4reW_q-a1gemAn--8ieW5tuW-ruiwg-eglOejqOOAguacrOabsue6v-S4uuS4rea1gemAn-WPluWQke-8jOagh-mFjeS4jkVYMuWQjOWxnuS4rea1gemAn-abtOeos--8m0VYMeS7heWcqOWHuua2suWBj-aFouaXtuS9nOS4uuaPkOmAn-mAiemhueOAgiDjgJDosIPno6jjgJHnoJTno6jlgY_nu4bvvIjmtYXng5jpnIDmm7Tpq5jokIPlj5bpmLvlipvvvInjgILkuLvokIPnuqY5YmFy5qGj77yM5bu66K6u5oC76JCD5Y-W5pe26Ze057qmMjjigJMzNXPvvIjlkKvpooTmtbjvvInjgILpooTmtbjmrrXop4Llr5_nsonlsYLmtbjmtqbvvJroi6XpooTmtbjlkI7lvojlv6vlpLHmjqfllrfmtozihpLosIPnu4bvvJvplb_ml7bpl7Tmlq3nu63mu7TmtrLihpLnlaXosIPnspfjgII=	L3N0YXRpYy9ob3lpL25vbmUucG5n	75	0	0	5	93	0	0	3	20	16	6	90	44	60	15	0	0
factory-v3-036	light	5rWF54OYVHVyYm_ovbvnm4g=	5aSn5ray6YeP5Y-Y5rWB77yM6L2755uI5Y-j5oSf77yM6YCC5ZCI5ruk57q45Z6r56KX55qEVHVyYm_po47moLzjgIIg44CQ57KJ6YeP57KJ56KX44CR5bu66K6u57KJ6YeP77yaMTjigJMxOWfjgILmjqjojZDpgInphY1FWDHnsonnopfvvIjkuK3lv6vmtYHpgJ_vvInvvJvkuZ_lj6_nlKjmoIfphY0xOOKAkzIwZ-eyieeil--8iOS4rea1gemAn--8ieW5tuWeq-S4iuS4i-a7pOe6uOOAgeeglOejqOS7i-S6juaJi-WGsuS4juaEj-W8j-S5i-mXtOOAglR1cmJvL-Wkp-a2sumHj-WBj-S4reW_q-a1gemAn--8jOS8mOWFiEVYMe-8m-eyieeil-S4iuS4i-Weq-a7pOe6uOabtOeos-OAgiDjgJDosIPno6jjgJHnoJTno6jku4vkuo7miYvlhrLkuI7mhI_lvI_kuYvpl7TvvIjlgY_nspfkuo7nu4_lhbjmhI_lvI_vvInjgILlpKfmtrLph4_lj5jmtYHvvIzkuLvmrrXnm67moIfmtYHpgJ_nuqYgMy41IG1sL3PjgILoi6XmtYHpgJ_plb_mnJ_kvY7kuo7nm67moIfihpLosIPnspfvvJvmmI7mmL7pq5jkuo7nm67moIfmiJbov4fmt6HihpLosIPnu4bjgILnsonnopflu7rorq7kuIrkuIvlnqvmu6Tnurjmm7TnqLPjgII=	L3N0YXRpYy9ob3lpL25vbmUucG5n	140	0	0	8	92	1	1	2	20	20	0	35	120	0	0	0	0
factory-v3-037	light	5rWF54OY5oWi5Y-Y5rWB	6L6D5L2O5rWB6YCf5ouJ6ZW_5pe26Ze077yM5o-Q5Y2H6JCD5Y-W546H77yM5rOo5oSP6Ziy6L-H6JCD44CCIOOAkOeyiemHj-eyieeil-OAkeW7uuiurueyiemHj--8mjE54oCTMjBn44CC5o6o6I2Q5qCH6YWNMTjigJMyMGfnsonnopfvvIjkuK3mtYHpgJ_vvInvvJvlj6_pgInphY1FWDLnsonnopfvvIjkuK3mtYHpgJ_vvInjgILkuI3lu7rorq5FWDHvvIjkuK3lv6vmtYHpgJ_vvInvvIzlkKbliJnkuI3mmJPljovkvY_mtYHpgJ_jgILmnKzmm7Lnur_lgY_mhaIv6auY6Zi76JCD5Y-W77yM5LyY5YWI5Lit5rWB6YCf57KJ56KX5Lul56iz5L2P5o6l6Kem5pe26Ze044CCIOOAkOiwg-ejqOOAkeeglOejqOWBj-e7hu-8iOa1heeDmOmcgOabtOmrmOiQg-WPlumYu-WKm--8ieOAguS4u-auteebruagh-a1gemAn-e6piAyLjAgbWwvc--8iOautea1gemAn--8mjIuMCAvIDEuNSBtbC9z77yJ44CC55uu5qCH5Li75q615rWB6YCf5YGP5L2O44CB5o6l6Kem5pe26Ze05pu06ZW_77yM6Iul5a6e6ZmF5rWB6YCf6L-H5b-r77yI57KJ5bGC6Zi75Yqb5LiN6Laz77yJ6K-36LCD57uG77yb6L-H5oWi5YiZ55Wl6LCD57KX6Ziy6Ze36Ium44CC	L3N0YXRpYy9ob3lpL25vbmUucG5n	80	0	0	5	93	1	1	3	20	18	8	20	50	15	12	0	0
factory-v3-038	light	5rWF54OY5b-r5Y-Y5rWB5riF54i9	6L6D6auY5rWB6YCf5L-d55WZ5riF54i95LiO5p6c5oSf77yM5YeP5bCR6Ium5bqV44CCIOOAkOeyiemHj-eyieeil-OAkeW7uuiurueyiemHj--8mjE54oCTMjBn44CC5o6o6I2Q6YCJ6YWNRVgx57KJ56KX77yI5Lit5b-r5rWB6YCf77yM5pu05Yy56YWN5pys5puy57q_6L6D5b-r5Ye65ray77yJ77yb5qCH6YWNMTjigJMyMGfnsonnopfvvIjkuK3mtYHpgJ_vvInkuZ_lj6_vvIzpnIDnm7jlupTosIPnspfnoJTno6jku6Xot5_kuIrmtYHpgJ_jgILmnKzmm7Lnur_lgY_kuK3lv6vmtYHpgJ_vvIxFWDHmm7TmmJPovr7liLDnm67moIfmtYHpgJ_kuI7muIXniL3lj6PmhJ_jgIIg44CQ6LCD56Oo44CR56CU56Oo5YGP57uG77yI5rWF54OY6ZyA5pu06auY6JCD5Y-W6Zi75Yqb77yJ44CC5Li75q6155uu5qCH5rWB6YCf57qmIDQuNSBtbC9z77yI5q615rWB6YCf77yaNC41IC8gMi41IG1sL3PvvInjgILnm67moIfkuLvmrrXmtYHpgJ_lgY_pq5jvvIzoi6Xlrp7pmYXmtYHpgJ_mmI7mmL7kvY7kuo7nm67moIfliJnosIPnspfvvJvmmI7mmL7pq5jkuo7nm67moIfliJnosIPnu4bjgII=	L3N0YXRpYy9ob3lpL25vbmUucG5n	75	0	0	4	93	1	1	3	20	15	5	45	45	25	15	0	0
factory-v3-039	light	5rWF54OY5ou_6ZOB5Z-65bqV	5aW25ZKW5Y-L5aW977ya6aKE5rW45ZCO5bmz56iz5Li76JCD77yM6YW45oSf6KKr54mb5aW25p-U5YyW5ZCO5pu055Sc44CCIOOAkOeyiemHj-eyieeil-OAkeW7uuiurueyiemHj--8mjE54oCTMjBn44CC5o6o6I2Q5qCH6YWNMTjigJMyMGfnsonnopfvvIjkuK3mtYHpgJ_vvInvvJvlj6_pgInphY1FWDLnsonnopfvvIjkuK3mtYHpgJ_vvInmm7_mjaLjgILoi6Xlrp7pmYXlh7rmtrLlgY_mhaLjgIHmg7Pmj5DmtYHpgJ_vvIzlj6_lsJ3or5XpgInphY1FWDHvvIjkuK3lv6vmtYHpgJ_vvInlubblvq7osIPnoJTno6jjgILmnKzmm7Lnur_kuLrkuK3mtYHpgJ_lj5blkJHvvIzmoIfphY3kuI5FWDLlkIzlsZ7kuK3mtYHpgJ_mm7TnqLPvvJtFWDHku4XlnKjlh7rmtrLlgY_mhaLml7bkvZzkuLrmj5DpgJ_pgInpobnjgILlj4LogIPnsonmtrLmr5TnuqYxOjEuOO-8iOWBnOa2sumHjee6pjM2Z--8ieOAgiDjgJDosIPno6jjgJHnoJTno6jlgY_nu4bvvIjmtYXng5jpnIDmm7Tpq5jokIPlj5bpmLvlipvvvInjgILkuLvmrrXnm67moIfmtYHpgJ_nuqYgMy41IG1sL3PvvIjmrrXmtYHpgJ_vvJozLjUgLyAyLjAgbWwvc--8ieOAguS7peS4u-autea1gemAn-S4uuWHhuiwg-ejqO-8muWunumZhea1gemAn-WBj-W_q-KGkuiwg-e7hu-8m-WBj-aFouKGkuiwg-eyl-OAgg==	L3N0YXRpYy9ob3lpL25vbmUucG5n	70	360	0	5	93	1	1	3	20	16	6	35	40	20	14	0	0
factory-v3-040	light	5rWF54OYUmlzdHJldHRv	55-t6JCD5rWF54OY77yM5rWT57yp6Iqx5p6c55Sc5oSf44CCIOOAkOeyiemHj-eyieeil-OAkeW7uuiurueyiemHj--8mjE44oCTMTln44CC5o6o6I2Q5qCH6YWNMTjigJMyMGfnsonnopfvvIjkuK3mtYHpgJ_vvInvvJvlj6_pgInphY1FWDLnsonnopfvvIjkuK3mtYHpgJ_vvInmm7_mjaLjgILoi6Xlrp7pmYXlh7rmtrLlgY_mhaLjgIHmg7Pmj5DmtYHpgJ_vvIzlj6_lsJ3or5XpgInphY1FWDHvvIjkuK3lv6vmtYHpgJ_vvInlubblvq7osIPnoJTno6jjgILmnKzmm7Lnur_kuLrkuK3mtYHpgJ_lj5blkJHvvIzmoIfphY3kuI5FWDLlkIzlsZ7kuK3mtYHpgJ_mm7TnqLPvvJtFWDHku4XlnKjlh7rmtrLlgY_mhaLml7bkvZzkuLrmj5DpgJ_pgInpobnjgILlj4LogIPnsonmtrLmr5TnuqYxOjEuNe-8iOWBnOa2sumHjee6pjI4Z--8ieOAgiDjgJDosIPno6jjgJHnoJTno6jlgY_nu4bvvIjmtYXng5jpnIDmm7Tpq5jokIPlj5bpmLvlipvvvInjgILkuLvokIPnuqY5YmFy5qGj77yM5bu66K6u5oC76JCD5Y-W5pe26Ze057qmMjjigJMzNXPvvIjlkKvpooTmtbjvvInjgILpooTmtbjmrrXop4Llr5_nsonlsYLmtbjmtqbvvJroi6XpooTmtbjlkI7lvojlv6vlpLHmjqfllrfmtozihpLosIPnu4bvvJvplb_ml7bpl7Tmlq3nu63mu7TmtrLihpLnlaXosIPnspfjgIIg5Y-C6ICD5YGc5ray6YeN57qmMjhn44CC	L3N0YXRpYy9ob3lpL25vbmUucG5n	54	280	0	5	94	0	0	3	20	15	6	90	28	60	11	0	0
factory-v3-041	light	5rWF54OYTHVuZ2_oirHpppk=	5Yqg6ZW_5ray6YeP5L-d55WZ6aaZ5rCU5bu25bGV77yM6YCC5ZCI5Yaw576O5byP44CCIOOAkOeyiemHj-eyieeil-OAkeW7uuiurueyiemHj--8mjE54oCTMjBn44CC5o6o6I2Q5qCH6YWNMTjigJMyMGfnsonnopfvvIjkuK3mtYHpgJ_vvInvvJvlj6_pgInphY1FWDLnsonnopfvvIjkuK3mtYHpgJ_vvInmm7_mjaLjgILoi6Xlrp7pmYXlh7rmtrLlgY_mhaLjgIHmg7Pmj5DmtYHpgJ_vvIzlj6_lsJ3or5XpgInphY1FWDHvvIjkuK3lv6vmtYHpgJ_vvInlubblvq7osIPnoJTno6jjgILmnKzmm7Lnur_kuLrkuK3mtYHpgJ_lj5blkJHvvIzmoIfphY3kuI5FWDLlkIzlsZ7kuK3mtYHpgJ_mm7TnqLPvvJtFWDHku4XlnKjlh7rmtrLlgY_mhaLml7bkvZzkuLrmj5DpgJ_pgInpobnjgIIg44CQ6LCD56Oo44CR56CU56Oo5YGP57uG77yI5rWF54OY6ZyA5pu06auY6JCD5Y-W6Zi75Yqb77yJ44CC5Li76JCD5Lit6auY5Y6L5qGj77yM5bu66K6u5oC76JCD5Y-W5pe26Ze057qmMjjigJMzNXPvvIjlkKvpooTmtbjvvInjgILpooTmtbjmrrXop4Llr5_nsonlsYLmtbjmtqbvvJroi6XpooTmtbjlkI7lvojlv6vlpLHmjqfllrfmtozihpLosIPnu4bvvJvplb_ml7bpl7Tmlq3nu63mu7TmtrLihpLnlaXosIPnspfjgII=	L3N0YXRpYy9ob3lpL25vbmUucG5n	95	0	0	5	93	0	0	3	20	20	7	80	55	55	20	0	0
factory-v3-042	light	5rWF54OY6auY5Y6L6YW455Sc	5Li76JCDOS41YmFy5Yay6aG25ZCO5b-r6YCf6ZmN5Y6L77yM6YW455Sc5a-55q-U6bKc5piO44CCIOOAkOeyiemHj-eyieeil-OAkeW7uuiurueyiemHj--8mjE54oCTMjBn44CC5o6o6I2Q5qCH6YWNMTjigJMyMGfnsonnopfvvIjkuK3mtYHpgJ_vvInvvJvlj6_pgInphY1FWDLnsonnopfvvIjkuK3mtYHpgJ_vvInmm7_mjaLjgILoi6Xlrp7pmYXlh7rmtrLlgY_mhaLjgIHmg7Pmj5DmtYHpgJ_vvIzlj6_lsJ3or5XpgInphY1FWDHvvIjkuK3lv6vmtYHpgJ_vvInlubblvq7osIPnoJTno6jjgILmnKzmm7Lnur_kuLrkuK3mtYHpgJ_lj5blkJHvvIzmoIfphY3kuI5FWDLlkIzlsZ7kuK3mtYHpgJ_mm7TnqLPvvJtFWDHku4XlnKjlh7rmtrLlgY_mhaLml7bkvZzkuLrmj5DpgJ_pgInpobnjgILlj4LogIPnsonmtrLmr5TnuqYxOjIuMe-8iOWBnOa2sumHjee6pjQwZ--8ieOAgiDjgJDosIPno6jjgJHnoJTno6jlgY_nu4bvvIjmtYXng5jpnIDmm7Tpq5jokIPlj5bpmLvlipvvvInjgILkuLvokIPnuqY5YmFy5qGj77yM5bu66K6u5oC76JCD5Y-W5pe26Ze057qmMjjigJMzNXPvvIjlkKvpooTmtbjvvInjgILpooTmtbjmrrXop4Llr5_nsonlsYLmtbjmtqbvvJroi6XpooTmtbjlkI7lvojlv6vlpLHmjqfllrfmtozihpLosIPnu4bvvJvplb_ml7bpl7Tmlq3nu63mu7TmtrLihpLnlaXosIPnspfjgIIg5Y-C6ICD5YGc5ray6YeN57qmNDBn44CC	L3N0YXRpYy9ob3lpL25vbmUucG5n	75	400	0	5	94	0	0	3	20	18	6	95	40	50	17	0	0
factory-v3-043	light	5rWF54OY5L2O5Y6L5p-U5ZKM	5YWo56iL5YGP5L2O5Y6L77yM5p-U5YyW5bCW6YW477yM6YCC5ZCI5YGP6YW45rWF54OY6LGG44CCIOOAkOeyiemHj-eyieeil-OAkeW7uuiurueyiemHj--8mjE54oCTMjBn44CC5o6o6I2Q5qCH6YWNMTjigJMyMGfnsonnopfvvIjkuK3mtYHpgJ_vvInvvJvlj6_pgInphY1FWDLnsonnopfvvIjkuK3mtYHpgJ_vvInmm7_mjaLjgILoi6Xlrp7pmYXlh7rmtrLlgY_mhaLjgIHmg7Pmj5DmtYHpgJ_vvIzlj6_lsJ3or5XpgInphY1FWDHvvIjkuK3lv6vmtYHpgJ_vvInlubblvq7osIPnoJTno6jjgILmnKzmm7Lnur_kuLrkuK3mtYHpgJ_lj5blkJHvvIzmoIfphY3kuI5FWDLlkIzlsZ7kuK3mtYHpgJ_mm7TnqLPvvJtFWDHku4XlnKjlh7rmtrLlgY_mhaLml7bkvZzkuLrmj5DpgJ_pgInpobnjgIIg44CQ6LCD56Oo44CR56CU56Oo5YGP57uG77yI5rWF54OY6ZyA5pu06auY6JCD5Y-W6Zi75Yqb77yJ44CC5Li76JCD5YGP5L2O5Y6L5qGj77yM5bu66K6u5oC76JCD5Y-W5pe26Ze057qmMjjigJMzNXPvvIjlkKvpooTmtbjvvInjgILpooTmtbjmrrXop4Llr5_nsonlsYLmtbjmtqbvvJroi6XpooTmtbjlkI7lvojlv6vlpLHmjqfllrfmtozihpLosIPnu4bvvJvplb_ml7bpl7Tmlq3nu63mu7TmtrLihpLnlaXosIPnspfjgII=	L3N0YXRpYy9ob3lpL25vbmUucG5n	75	0	0	6	92	0	0	3	20	20	8	75	40	50	15	0	0
factory-v3-044	light	5rWF54OY5ruk57q4VHVyYm8r	5LiK5LiL5ruk57q4K-Wkp-a2sumHj-WPmOa1ge-8jOaOpei_keaJi-WGsuaEn-eahOaEj-W8j-S9k-mqjOOAgiDjgJDnsonph4_nsonnopfjgJHlu7rorq7nsonph4_vvJoxOOKAkzE5Z-OAguaOqOiNkOmAiemFjUVYMeeyieeil--8iOS4reW_q-a1gemAn--8ie-8m-S5n-WPr-eUqOagh-mFjTE44oCTMjBn57KJ56KX77yI5Lit5rWB6YCf77yJ5bm25Z6r5LiK5LiL5ruk57q444CB56CU56Oo5LuL5LqO5omL5Yay5LiO5oSP5byP5LmL6Ze044CCVHVyYm8v5aSn5ray6YeP5YGP5Lit5b-r5rWB6YCf77yM5LyY5YWIRVgx77yb57KJ56KX5LiK5LiL5Z6r5ruk57q45pu056iz44CCIOOAkOiwg-ejqOOAkeeglOejqOS7i-S6juaJi-WGsuS4juaEj-W8j-S5i-mXtO-8iOWBj-eyl-S6jue7j-WFuOaEj-W8j--8ieOAguWkp-a2sumHj-WPmOa1ge-8jOS4u-auteebruagh-a1gemAn-e6piAyLjggbWwvc-OAguiLpea1gemAn-mVv-acn-S9juS6juebruagh-KGkuiwg-eyl--8m-aYjuaYvumrmOS6juebruagh-aIlui_h-a3oeKGkuiwg-e7huOAgueyieeil-W7uuiuruS4iuS4i-Weq-a7pOe6uOabtOeos-OAgg==	L3N0YXRpYy9ob3lpL25vbmUucG5n	160	0	0	10	91	1	1	2	15	20	0	28	140	0	0	0	0
factory-v3-045	light	5rWF54OY5LiJ5q615Z2H6KGh	6aKE5rW4LeS4u-iQgy3mlLblsL7kuInmrrXlnYfooaHvvIzpgILlkIjml6XluLjmtYXng5jnm7Tppa7jgIIg44CQ57KJ6YeP57KJ56KX44CR5bu66K6u57KJ6YeP77yaMTnigJMyMGfjgILmjqjojZDmoIfphY0xOOKAkzIwZ-eyieeil--8iOS4rea1gemAn--8ie-8m-WPr-mAiemFjUVYMueyieeil--8iOS4rea1gemAn--8ieabv-aNouOAguiLpeWunumZheWHuua2suWBj-aFouOAgeaDs-aPkOa1gemAn--8jOWPr-WwneivlemAiemFjUVYMe-8iOS4reW_q-a1gemAn--8ieW5tuW-ruiwg-eglOejqOOAguacrOabsue6v-S4uuS4rea1gemAn-WPluWQke-8jOagh-mFjeS4jkVYMuWQjOWxnuS4rea1gemAn-abtOeos--8m0VYMeS7heWcqOWHuua2suWBj-aFouaXtuS9nOS4uuaPkOmAn-mAiemhueOAguWPguiAg-eyiea2suavlOe6pjE6Mi4y77yI5YGc5ray6YeN57qmNDJn77yJ44CCIOOAkOiwg-ejqOOAkeeglOejqOWBj-e7hu-8iOa1heeDmOmcgOabtOmrmOiQg-WPlumYu-WKm--8ieOAguS4u-iQg-e6pjliYXLmoaPvvIzlu7rorq7mgLvokIPlj5bml7bpl7TnuqYyOOKAkzM1c--8iOWQq-mihOa1uO-8ieOAgumihOa1uOauteinguWvn-eyieWxgua1uOa2pu-8muiLpemihOa1uOWQjuW-iOW_q-WkseaOp-WWt-a2jOKGkuiwg-e7hu-8m-mVv-aXtumXtOaWree7rea7tOa2suKGkueVpeiwg-eyl-OAgiDlj4LogIPlgZzmtrLph43nuqY0MmfjgII=	L3N0YXRpYy9ob3lpL25vbmUucG5n	78	420	0	5	93	0	0	3	20	18	7	90	42	60	18	0	0
factory-v3-046	light	5rWF54OY6I6T5p6c6LCD	55Wl5o-Q6auY5rip5LiO5Lit5q615Y6L5Yqb77yM5pS-5aSn5rWG5p6c5LiO5p-R5qmY6LCD5oCn44CCIOOAkOeyiemHj-eyieeil-OAkeW7uuiurueyiemHj--8mjE54oCTMjBn44CC5o6o6I2Q5qCH6YWNMTjigJMyMGfnsonnopfvvIjkuK3mtYHpgJ_vvInvvJvlj6_pgInphY1FWDLnsonnopfvvIjkuK3mtYHpgJ_vvInmm7_mjaLjgILoi6Xlrp7pmYXlh7rmtrLlgY_mhaLjgIHmg7Pmj5DmtYHpgJ_vvIzlj6_lsJ3or5XpgInphY1FWDHvvIjkuK3lv6vmtYHpgJ_vvInlubblvq7osIPnoJTno6jjgILmnKzmm7Lnur_kuLrkuK3mtYHpgJ_lj5blkJHvvIzmoIfphY3kuI5FWDLlkIzlsZ7kuK3mtYHpgJ_mm7TnqLPvvJtFWDHku4XlnKjlh7rmtrLlgY_mhaLml7bkvZzkuLrmj5DpgJ_pgInpobnjgIIg44CQ6LCD56Oo44CR56CU56Oo5YGP57uG77yI5rWF54OY6ZyA5pu06auY6JCD5Y-W6Zi75Yqb77yJ44CC5Li76JCD57qmOWJhcuaho--8jOW7uuiuruaAu-iQg-WPluaXtumXtOe6pjI44oCTMzVz77yI5ZCr6aKE5rW477yJ44CC6aKE5rW45q616KeC5a-f57KJ5bGC5rW45ram77ya6Iul6aKE5rW45ZCO5b6I5b-r5aSx5o6n5Za35raM4oaS6LCD57uG77yb6ZW_5pe26Ze05pat57ut5ru05ray4oaS55Wl6LCD57KX44CC	L3N0YXRpYy9ob3lpL25vbmUucG5n	76	0	0	5	94	0	0	3	25	16	6	90	45	60	15	0	0
factory-v3-047	light	5rWF54OY6Iy25oSf6L275L2T	6L6D5L2O5rWB6YCf5LiO5Lit562J5Y6L77yM5ZGI546w6Iy25oSf5LiO6L2755uIYm9keeOAgiDjgJDnsonph4_nsonnopfjgJHlu7rorq7nsonph4_vvJoxOeKAkzIwZ-OAguaOqOiNkOagh-mFjTE44oCTMjBn57KJ56KX77yI5Lit5rWB6YCf77yJ77yb5Y-v6YCJ6YWNRVgy57KJ56KX77yI5Lit5rWB6YCf77yJ5pu_5o2i44CC6Iul5a6e6ZmF5Ye65ray5YGP5oWi44CB5oOz5o-Q5rWB6YCf77yM5Y-v5bCd6K-V6YCJ6YWNRVgx77yI5Lit5b-r5rWB6YCf77yJ5bm25b6u6LCD56CU56Oo44CC5pys5puy57q_5Li65Lit5rWB6YCf5Y-W5ZCR77yM5qCH6YWN5LiORVgy5ZCM5bGe5Lit5rWB6YCf5pu056iz77ybRVgx5LuF5Zyo5Ye65ray5YGP5oWi5pe25L2c5Li65o-Q6YCf6YCJ6aG544CCIOOAkOiwg-ejqOOAkeeglOejqOWBj-e7hu-8iOa1heeDmOmcgOabtOmrmOiQg-WPlumYu-WKm--8ieOAguS4u-auteebruagh-a1gemAn-e6piAyLjUgbWwvc--8iOautea1gemAn--8mjIuNSAvIDEuOCBtbC9z77yJ44CC5Lul5Li75q615rWB6YCf5Li65YeG6LCD56Oo77ya5a6e6ZmF5rWB6YCf5YGP5b-r4oaS6LCD57uG77yb5YGP5oWi4oaS6LCD57KX44CC	L3N0YXRpYy9ob3lpL25vbmUucG5n	80	0	0	6	93	1	1	3	20	20	8	25	45	18	15	0	0
factory-v3-048	light	5rWF54OY5Y-M5YCN5rWT57yp	5rWF54OY5Y-M5Lu95oSP5byP77yM5YGc5ray6YeN57qmNDLigJM0NWfjgIIg44CQ57KJ6YeP57KJ56KX44CR5bu66K6u57KJ6YeP77yaMTnigJMyMGfjgILmjqjojZDmoIfphY0xOOKAkzIwZ-eyieeil--8iOS4rea1gemAn--8ie-8m-WPr-mAiemFjUVYMueyieeil--8iOS4rea1gemAn--8ieabv-aNouOAguiLpeWunumZheWHuua2suWBj-aFouOAgeaDs-aPkOa1gemAn--8jOWPr-WwneivlemAiemFjUVYMe-8iOS4reW_q-a1gemAn--8ieW5tuW-ruiwg-eglOejqOOAguacrOabsue6v-S4uuS4rea1gemAn-WPluWQke-8jOagh-mFjeS4jkVYMuWQjOWxnuS4rea1gemAn-abtOeos--8m0VYMeS7heWcqOWHuua2suWBj-aFouaXtuS9nOS4uuaPkOmAn-mAiemhueOAguWPguiAg-eyiea2suavlOe6pjE6Mi4z77yI5YGc5ray6YeN57qmNDVn77yJ44CCIOOAkOiwg-ejqOOAkeeglOejqOWBj-e7hu-8iOa1heeDmOmcgOabtOmrmOiQg-WPlumYu-WKm--8ieOAguS4u-iQg-e6pjliYXLmoaPvvIzlu7rorq7mgLvokIPlj5bml7bpl7TnuqYyOOKAkzM1c--8iOWQq-mihOa1uO-8ieOAgumihOa1uOauteinguWvn-eyieWxgua1uOa2pu-8muiLpemihOa1uOWQjuW-iOW_q-WkseaOp-WWt-a2jOKGkuiwg-e7hu-8m-mVv-aXtumXtOaWree7rea7tOa2suKGkueVpeiwg-eyl-OAgiDlj4LogIPlgZzmtrLph43nuqY0NWfjgII=	L3N0YXRpYy9ob3lpL25vbmUucG5n	81	450	0	5	93	0	0	3	20	20	8	90	45	60	16	0	0
factory-v3-049	light	5rWF54OY5Yaw576O5byP5Z-65bqV	56iN5aSn5ray6YeP44CB5riF54i95pS25bC-77yM5YCS5YWl5Yaw5rC0L-WGsOWdl-OAgiDjgJDnsonph4_nsonnopfjgJHlu7rorq7nsonph4_vvJoxOeKAkzIwZ-OAguaOqOiNkOmAiemFjUVYMeeyieeil--8iOS4reW_q-a1gemAn--8jOabtOWMuemFjeacrOabsue6v-i-g-W_q-WHuua2su-8ie-8m-agh-mFjTE44oCTMjBn57KJ56KX77yI5Lit5rWB6YCf77yJ5Lmf5Y-v77yM6ZyA55u45bqU6LCD57KX56CU56Oo5Lul6Lef5LiK5rWB6YCf44CC5pys5puy57q_5YGP5Lit5b-r5rWB6YCf77yMRVgx5pu05piT6L6-5Yiw55uu5qCH5rWB6YCf5LiO5riF54i95Y-j5oSf44CCIOOAkOiwg-ejqOOAkeeglOejqOWBj-e7hu-8iOa1heeDmOmcgOabtOmrmOiQg-WPlumYu-WKm--8ieOAguS4u-auteebruagh-a1gemAn-e6piA0LjAgbWwvc--8iOautea1gemAn--8mjQuMCAvIDIuNSBtbC9z77yJ44CC5Lul5Li75q615rWB6YCf5Li65YeG6LCD56Oo77ya5a6e6ZmF5rWB6YCf5YGP5b-r4oaS6LCD57uG77yb5YGP5oWi4oaS6LCD57KX44CC	L3N0YXRpYy9ob3lpL25vbmUucG5n	90	0	0	5	92	1	1	3	20	20	6	40	55	25	15	0	0
factory-v3-050	light	5rWF54OYU2xheWVy6ZW_6aKE5rW4	6ZW_6aKE5rW45L2O5Y6L77yM6ZqP5ZCO5Y2H5Y6L77yM5YeP5bCR5bCW6YW444CB5o-Q5Y2H55Sc5oSf44CCIOOAkOeyiemHj-eyieeil-OAkeW7uuiurueyiemHj--8mjE54oCTMjBn44CC5o6o6I2Q5qCH6YWNMTjigJMyMGfnsonnopfvvIjkuK3mtYHpgJ_vvInvvJvlj6_pgInphY1FWDLnsonnopfvvIjkuK3mtYHpgJ_vvInmm7_mjaLjgILoi6Xlrp7pmYXlh7rmtrLlgY_mhaLjgIHmg7Pmj5DmtYHpgJ_vvIzlj6_lsJ3or5XpgInphY1FWDHvvIjkuK3lv6vmtYHpgJ_vvInlubblvq7osIPnoJTno6jjgILmnKzmm7Lnur_kuLrkuK3mtYHpgJ_lj5blkJHvvIzmoIfphY3kuI5FWDLlkIzlsZ7kuK3mtYHpgJ_mm7TnqLPvvJtFWDHku4XlnKjlh7rmtrLlgY_mhaLml7bkvZzkuLrmj5DpgJ_pgInpobnjgIIg44CQ6LCD56Oo44CR56CU56Oo5YGP57uG77yI5rWF54OY6ZyA5pu06auY6JCD5Y-W6Zi75Yqb77yJ44CC5Li76JCD5Lit6auY5Y6L5qGj77yM5bu66K6u5oC76JCD5Y-W5pe26Ze057qmMjjigJMzNXPvvIjlkKvpooTmtbjvvInjgILpooTmtbjmrrXop4Llr5_nsonlsYLmtbjmtqbvvJroi6XpooTmtbjlkI7lvojlv6vlpLHmjqfllrfmtozihpLosIPnu4bvvJvplb_ml7bpl7Tmlq3nu63mu7TmtrLihpLnlaXosIPnspfjgII=	L3N0YXRpYy9ob3lpL25vbmUucG5n	75	0	0	12	93	0	0	3	15	28	12	85	35	60	12	0	0
factory-v3-051	light	5rWF54OY5r6z55m95aW25ZKW	5r6z55m96YWN5q-U5Y-L5aW977yM6YW455Sc5bmz6KGh44CCIOOAkOeyiemHj-eyieeil-OAkeW7uuiurueyiemHj--8mjE44oCTMTln44CC5o6o6I2Q5qCH6YWNMTjigJMyMGfnsonnopfvvIjkuK3mtYHpgJ_vvInvvJvlj6_pgInphY1FWDLnsonnopfvvIjkuK3mtYHpgJ_vvInmm7_mjaLjgILoi6Xlrp7pmYXlh7rmtrLlgY_mhaLjgIHmg7Pmj5DmtYHpgJ_vvIzlj6_lsJ3or5XpgInphY1FWDHvvIjkuK3lv6vmtYHpgJ_vvInlubblvq7osIPnoJTno6jjgILmnKzmm7Lnur_kuLrkuK3mtYHpgJ_lj5blkJHvvIzmoIfphY3kuI5FWDLlkIzlsZ7kuK3mtYHpgJ_mm7TnqLPvvJtFWDHku4XlnKjlh7rmtrLlgY_mhaLml7bkvZzkuLrmj5DpgJ_pgInpobnjgILlj4LogIPnsonmtrLmr5TnuqYxOjEuN--8iOWBnOa2sumHjee6pjMyZ--8ieOAgiDjgJDosIPno6jjgJHnoJTno6jlgY_nu4bvvIjmtYXng5jpnIDmm7Tpq5jokIPlj5bpmLvlipvvvInjgILkuLvokIPkuK3pq5jljovmoaPvvIzlu7rorq7mgLvokIPlj5bml7bpl7TnuqYyOOKAkzM1c--8iOWQq-mihOa1uO-8ieOAguiLpemihOa1uOWQjuW-iOW_q-WkseaOp-WWt-a2jOKGkuiwg-e7hu-8m-mVv-aXtumXtOaWree7rea7tOa2suKGkueVpeiwg-eyl-OAgiDlj4LogIPlgZzmtrLph43nuqYzMmfjgII=	L3N0YXRpYy9ob3lpL25vbmUucG5n	65	320	0	4	93	0	0	3	20	15	6	85	38	60	12	0	0
factory-v3-052	light	5rWF54OY5Y-Y5rWB5LiJ5q61	5Y-Y5rWB5LiJ5q615aGR6YCg5bGC5qyh77ya6aKE5rW4LemHiuaUvummmeawlC3mn5TlkozmlLblsL7jgIIg44CQ57KJ6YeP57KJ56KX44CR5bu66K6u57KJ6YeP77yaMTnigJMyMGfjgILmjqjojZDmoIfphY0xOOKAkzIwZ-eyieeil--8iOS4rea1gemAn--8ie-8m-WPr-mAiemFjUVYMueyieeil--8iOS4rea1gemAn--8ieabv-aNouOAguiLpeWunumZheWHuua2suWBj-aFouOAgeaDs-aPkOa1gemAn--8jOWPr-WwneivlemAiemFjUVYMe-8iOS4reW_q-a1gemAn--8ieW5tuW-ruiwg-eglOejqOOAguacrOabsue6v-S4uuS4rea1gemAn-WPluWQke-8jOagh-mFjeS4jkVYMuWQjOWxnuS4rea1gemAn-abtOeos--8m0VYMeS7heWcqOWHuua2suWBj-aFouaXtuS9nOS4uuaPkOmAn-mAiemhueOAgiDjgJDosIPno6jjgJHnoJTno6jlgY_nu4bvvIjmtYXng5jpnIDmm7Tpq5jokIPlj5bpmLvlipvvvInjgILkuLvmrrXnm67moIfmtYHpgJ_nuqYgMy4yIG1sL3PvvIjmrrXmtYHpgJ_vvJozLjIgLyAyLjAgbWwvc--8ieOAguS7peS4u-autea1gemAn-S4uuWHhuiwg-ejqO-8muWunumZhea1gemAn-WBj-W_q-KGkuiwg-e7hu-8m-WBj-aFouKGkuiwg-eyl-OAgg==	L3N0YXRpYy9ob3lpL25vbmUucG5n	78	0	0	5	93	1	1	3	20	18	7	32	45	20	15	0	0
factory-v3-053	medium	RXNwcmVzc2_kuK3ng5g=	5Lit54OY57uP5YW45oSP5byP77yM5bmz6KGh55Sc5oSf44CB6YaH5Y6a5bqm5LiO5L2Z6Z-177yM6YCC5ZCI5pel5bi45Y-M5Lu95rWT57yp44CCIOOAkOeyiemHj-eyieeil-OAkeW7uuiurueyiemHj--8mjE44oCTMjBn44CC5o6o6I2Q5qCH6YWNMTjigJMyMGfnsonnopfvvIjkuK3mtYHpgJ_vvInvvJvlj6_pgInphY1FWDLnsonnopfvvIjkuK3mtYHpgJ_vvInmm7_mjaLjgILoi6Xlrp7pmYXlh7rmtrLlgY_mhaLjgIHmg7Pmj5DmtYHpgJ_vvIzlj6_lsJ3or5XpgInphY1FWDHvvIjkuK3lv6vmtYHpgJ_vvInlubblvq7osIPnoJTno6jjgILmnKzmm7Lnur_kuLrkuK3mtYHpgJ_lj5blkJHvvIzmoIfphY3kuI5FWDLlkIzlsZ7kuK3mtYHpgJ_mm7TnqLPvvJtFWDHku4XlnKjlh7rmtrLlgY_mhaLml7bkvZzkuLrmj5DpgJ_pgInpobnjgILlj4LogIPnsonmtrLmr5TnuqYxOjEuOe-8iOWBnOa2sumHjee6pjM2Z--8ieOAgiDjgJDosIPno6jjgJHnoJTno6jkuK3nu4bvvIjkuK3ng5jlubPooaHmoaPvvInjgILkuLvokIPnuqY5YmFy5qGj77yM5bu66K6u5oC76JCD5Y-W5pe26Ze057qmMjXigJMzM3PjgILoi6Xlh7rmtrLmmI7mmL7ov4flv6vihpLosIPnu4bvvJvov4fmhaLmiJbmlq3mtYHihpLosIPnspfjgIIg5Y-C6ICD5YGc5ray6YeN57qmMzZn44CC	L3N0YXRpYy9ob3lpL25vbmUucG5n	70	360	0	0	92	0	0	2	90	50	25	60	20	0	0	0	0
factory-v3-054	medium	5Lit54OY576O5byP	5L2O5Y6L6aKE5rW4K-S4u-iQg--8jOWItuS9nOS4reeDmOe-juW8j-WfuuW6le-8jOWKoOawtOe6pjI1MG1s44CCIOOAkOeyiemHj-eyieeil-OAkeW7uuiurueyiemHj--8mjE44oCTMjBn44CC5o6o6I2Q5qCH6YWNMTjigJMyMGfnsonnopfvvIjkuK3mtYHpgJ_vvInvvJvlj6_pgInphY1FWDLnsonnopfvvIjkuK3mtYHpgJ_vvInmm7_mjaLjgILoi6Xlrp7pmYXlh7rmtrLlgY_mhaLjgIHmg7Pmj5DmtYHpgJ_vvIzlj6_lsJ3or5XpgInphY1FWDHvvIjkuK3lv6vmtYHpgJ_vvInlubblvq7osIPnoJTno6jjgILmnKzmm7Lnur_kuLrkuK3mtYHpgJ_lj5blkJHvvIzmoIfphY3kuI5FWDLlkIzlsZ7kuK3mtYHpgJ_mm7TnqLPvvJtFWDHku4XlnKjlh7rmtrLlgY_mhaLml7bkvZzkuLrmj5DpgJ_pgInpobnjgIIg44CQ6LCD56Oo44CR56CU56Oo5Lit57uG77yI5Lit54OY5bmz6KGh5qGj77yJ44CC5Li76JCD57qmOWJhcuaho--8jOW7uuiuruaAu-iQg-WPluaXtumXtOe6pjI14oCTMzNz44CC6Iul5Ye65ray5piO5pi-6L-H5b-r4oaS6LCD57uG77yb6L-H5oWi5oiW5pat5rWB4oaS6LCD57KX44CC	L3N0YXRpYy9ob3lpL25vbmUucG5n	75	0	0	4	92	0	0	3	20	20	6	90	40	60	15	0	0
factory-v3-055	medium	5Lit54OY5ou_6ZOB	5Y-Y5rWB5bmz5ruR5puy57q_77yM5aW25ZKW55Sc5oSf5LiOYm9keeWFvOmhvuOAguW7uuiurjIwMG1s54mb5aW244CCIOOAkOeyiemHj-eyieeil-OAkeW7uuiurueyiemHj--8mjE44oCTMjBn44CC5o6o6I2Q6YCJ6YWNRVgx57KJ56KX77yI5Lit5b-r5rWB6YCf77yM5pu05Yy56YWN5pys5puy57q_6L6D5b-r5Ye65ray77yJ77yb5qCH6YWNMTjigJMyMGfnsonnopfvvIjkuK3mtYHpgJ_vvInkuZ_lj6_vvIzpnIDnm7jlupTosIPnspfnoJTno6jku6Xot5_kuIrmtYHpgJ_jgILmnKzmm7Lnur_lgY_kuK3lv6vmtYHpgJ_vvIxFWDHmm7TmmJPovr7liLDnm67moIfmtYHpgJ_kuI7muIXniL3lj6PmhJ_jgILlj4LogIPnsonmtrLmr5TnuqYxOjEuOe-8iOWBnOa2sumHjee6pjM2Z--8ieOAgiDjgJDosIPno6jjgJHnoJTno6jkuK3nu4bvvIjkuK3ng5jlubPooaHmoaPvvInjgILkuLvmrrXnm67moIfmtYHpgJ_nuqYgNC4wIG1sL3PvvIjmrrXmtYHpgJ_vvJo0LjAgLyAyLjIgbWwvc--8ieOAguS7peS4u-autea1gemAn-S4uuWHhuiwg-ejqO-8muWunumZhea1gemAn-WBj-W_q-KGkuiwg-e7hu-8m-WBj-aFouKGkuiwg-eyl-OAgg==	L3N0YXRpYy9ob3lpL25vbmUucG5n	70	360	0	0	92	1	1	3	20	15	5	40	40	22	15	0	0
factory-v3-056	medium	5Lit54OY5r6z55m9	55-t6JCD5Lit54OY5r6z55m95Z-65bqV77yM6LSo5Zyw57u15a-G44CCIOOAkOeyiemHj-eyieeil-OAkeW7uuiurueyiemHj--8mjE44oCTMjBn44CC5o6o6I2Q5qCH6YWNMTjigJMyMGfnsonnopfvvIjkuK3mtYHpgJ_vvInvvJvlj6_pgInphY1FWDLnsonnopfvvIjkuK3mtYHpgJ_vvInmm7_mjaLjgILoi6Xlrp7pmYXlh7rmtrLlgY_mhaLjgIHmg7Pmj5DmtYHpgJ_vvIzlj6_lsJ3or5XpgInphY1FWDHvvIjkuK3lv6vmtYHpgJ_vvInlubblvq7osIPnoJTno6jjgILmnKzmm7Lnur_kuLrkuK3mtYHpgJ_lj5blkJHvvIzmoIfphY3kuI5FWDLlkIzlsZ7kuK3mtYHpgJ_mm7TnqLPvvJtFWDHku4XlnKjlh7rmtrLlgY_mhaLml7bkvZzkuLrmj5DpgJ_pgInpobnjgILlj4LogIPnsonmtrLmr5TnuqYxOjEuNe-8iOWBnOa2sumHjee6pjI4Z--8ieOAgiDjgJDosIPno6jjgJHnoJTno6jkuK3nu4bvvIjkuK3ng5jlubPooaHmoaPvvInjgILkuLvokIPnuqY5YmFy5qGj77yM5bu66K6u5oC76JCD5Y-W5pe26Ze057qmMjXigJMzM3PjgILoi6Xlh7rmtrLmmI7mmL7ov4flv6vihpLosIPnu4bvvJvov4fmhaLmiJbmlq3mtYHihpLosIPnspfjgIIg5Y-C6ICD5YGc5ray6YeN57qmMjhn44CC	L3N0YXRpYy9ob3lpL25vbmUucG5n	60	280	0	3	92	0	0	3	20	15	5	90	35	65	10	0	0
factory-v3-057	medium	5Lit54OY5Y2h5biD	57uP5YW45Y2h5biD5Z-65bqV77yM5bmz6KGh5Y-v5Y-v5LiO5Z2a5p6c6LCD5oCn44CCIOOAkOeyiemHj-eyieeil-OAkeW7uuiurueyiemHj--8mjE44oCTMjBn44CC5o6o6I2Q5qCH6YWNMTjigJMyMGfnsonnopfvvIjkuK3mtYHpgJ_vvInvvJvlj6_pgInphY1FWDLnsonnopfvvIjkuK3mtYHpgJ_vvInmm7_mjaLjgILoi6Xlrp7pmYXlh7rmtrLlgY_mhaLjgIHmg7Pmj5DmtYHpgJ_vvIzlj6_lsJ3or5XpgInphY1FWDHvvIjkuK3lv6vmtYHpgJ_vvInlubblvq7osIPnoJTno6jjgILmnKzmm7Lnur_kuLrkuK3mtYHpgJ_lj5blkJHvvIzmoIfphY3kuI5FWDLlkIzlsZ7kuK3mtYHpgJ_mm7TnqLPvvJtFWDHku4XlnKjlh7rmtrLlgY_mhaLml7bkvZzkuLrmj5DpgJ_pgInpobnjgILlj4LogIPnsonmtrLmr5TnuqYxOjEuN--8iOWBnOa2sumHjee6pjMyZ--8ieOAgiDjgJDosIPno6jjgJHnoJTno6jkuK3nu4bvvIjkuK3ng5jlubPooaHmoaPvvInjgILkuLvokIPnuqY5YmFy5qGj77yM5bu66K6u5oC76JCD5Y-W5pe26Ze057qmMjXigJMzM3PjgILoi6Xlh7rmtrLmmI7mmL7ov4flv6vihpLosIPnu4bvvJvov4fmhaLmiJbmlq3mtYHihpLosIPnspfjgIIg5Y-C6ICD5YGc5ray6YeN57qmMzJn44CC	L3N0YXRpYy9ob3lpL25vbmUucG5n	65	320	0	0	92	0	0	3	20	14	5	90	38	60	13	0	0
factory-v3-058	medium	5Lit54OYQmxvb23lnYfooaE=	6aKE5rW45o-Q5Y2H5Z2H5YyA5oCn77yM5LiJ5q615Y-Y5Y6L6L-95rGC5bmz6KGh6aOO5ZGz44CCIOOAkOeyiemHj-eyieeil-OAkeW7uuiurueyiemHj--8mjE44oCTMjBn44CC5o6o6I2Q5qCH6YWNMTjigJMyMGfnsonnopfvvIjkuK3mtYHpgJ_vvInvvJvlj6_pgInphY1FWDLnsonnopfvvIjkuK3mtYHpgJ_vvInmm7_mjaLjgILoi6Xlrp7pmYXlh7rmtrLlgY_mhaLjgIHmg7Pmj5DmtYHpgJ_vvIzlj6_lsJ3or5XpgInphY1FWDHvvIjkuK3lv6vmtYHpgJ_vvInlubblvq7osIPnoJTno6jjgILmnKzmm7Lnur_kuLrkuK3mtYHpgJ_lj5blkJHvvIzmoIfphY3kuI5FWDLlkIzlsZ7kuK3mtYHpgJ_mm7TnqLPvvJtFWDHku4XlnKjlh7rmtrLlgY_mhaLml7bkvZzkuLrmj5DpgJ_pgInpobnjgILlj4LogIPnsonmtrLmr5TnuqYxOjEuOe-8iOWBnOa2sumHjee6pjM2Z--8ieOAgiDjgJDosIPno6jjgJHnoJTno6jkuK3nu4bvvIjkuK3ng5jlubPooaHmoaPvvInjgILkuLvokIPnuqY5YmFy5qGj77yM5bu66K6u5oC76JCD5Y-W5pe26Ze057qmMjXigJMzM3PjgILpooTmtbjmrrXop4Llr5_nsonlsYLmtbjmtqbvvJroi6Xlh7rmtrLmmI7mmL7ov4flv6vihpLosIPnu4bvvJvov4fmhaLmiJbmlq3mtYHihpLosIPnspfjgIIg5Y-C6ICD5YGc5ray6YeN57qmMzZn44CC	L3N0YXRpYy9ob3lpL25vbmUucG5n	72	360	0	5	92	0	0	3	25	18	6	90	40	60	14	0	0
factory-v3-059	medium	5Lit54OYUmlzdHJldHRv	55-t6JCD5by65YyW55Sc5oSf5LiO5rK56ISC77yM57KJ5ray5q-U57qmMToxLjXjgIIg44CQ57KJ6YeP57KJ56KX44CR5bu66K6u57KJ6YeP77yaMTjigJMxOWfjgILmjqjojZDmoIfphY0xOOKAkzIwZ-eyieeil--8iOS4rea1gemAn--8ie-8m-WPr-mAiemFjUVYMueyieeil--8iOS4rea1gemAn--8ieabv-aNouOAguiLpeWunumZheWHuua2suWBj-aFouOAgeaDs-aPkOa1gemAn--8jOWPr-WwneivlemAiemFjUVYMe-8iOS4reW_q-a1gemAn--8ieW5tuW-ruiwg-eglOejqOOAguacrOabsue6v-S4uuS4rea1gemAn-WPluWQke-8jOagh-mFjeS4jkVYMuWQjOWxnuS4rea1gemAn-abtOeos--8m0VYMeS7heWcqOWHuua2suWBj-aFouaXtuS9nOS4uuaPkOmAn-mAiemhueOAguWPguiAg-eyiea2suavlOe6pjE6MS4177yI5YGc5ray6YeN57qmMjdn77yJ44CCIOOAkOiwg-ejqOOAkeeglOejqOS4ree7hu-8iOS4reeDmOW5s-ihoeaho--8ieOAguS4u-iQg-e6pjliYXLmoaPvvIzlu7rorq7mgLvokIPlj5bml7bpl7TnuqYyNeKAkzMzc-OAguiLpeWHuua2suaYjuaYvui_h-W_q-KGkuiwg-e7hu-8m-i_h-aFouaIluaWrea1geKGkuiwg-eyl-OAgiDlj4LogIPlgZzmtrLph43nuqYyN2fjgII=	L3N0YXRpYy9ob3lpL25vbmUucG5n	52	270	0	0	91	0	0	2	90	35	22	65	17	0	0	0	0
factory-v3-060	medium	5Lit54OYTHVuZ28=	5Yqg6ZW_6JCD5Y-W77yM6YCC5ZCI5Yaw576O5byP5oiW5aSn5p2v576O5byP44CCIOOAkOeyiemHj-eyieeil-OAkeW7uuiurueyiemHj--8mjE44oCTMjBn44CC5o6o6I2Q5qCH6YWNMTjigJMyMGfnsonnopfvvIjkuK3mtYHpgJ_vvInvvJvlj6_pgInphY1FWDLnsonnopfvvIjkuK3mtYHpgJ_vvInmm7_mjaLjgILoi6Xlrp7pmYXlh7rmtrLlgY_mhaLjgIHmg7Pmj5DmtYHpgJ_vvIzlj6_lsJ3or5XpgInphY1FWDHvvIjkuK3lv6vmtYHpgJ_vvInlubblvq7osIPnoJTno6jjgILmnKzmm7Lnur_kuLrkuK3mtYHpgJ_lj5blkJHvvIzmoIfphY3kuI5FWDLlkIzlsZ7kuK3mtYHpgJ_mm7TnqLPvvJtFWDHku4XlnKjlh7rmtrLlgY_mhaLml7bkvZzkuLrmj5DpgJ_pgInpobnjgIIg44CQ6LCD56Oo44CR56CU56Oo5Lit57uG77yI5Lit54OY5bmz6KGh5qGj77yJ44CC5Li76JCD5Lit6auY5Y6L5qGj77yM5bu66K6u5oC76JCD5Y-W5pe26Ze057qmMjXigJMzM3PjgILoi6Xlh7rmtrLmmI7mmL7ov4flv6vihpLosIPnu4bvvJvov4fmhaLmiJbmlq3mtYHihpLosIPnspfjgII=	L3N0YXRpYy9ob3lpL25vbmUucG5n	90	0	0	0	91	0	0	2	85	60	28	60	30	0	0	0	0
factory-v3-061	medium	5Lit54OY5Y-Y5rWB57uP5YW4	5Y-Y5rWB5LiJ5q6177ya6aKE5rW4LeS4u-iQgy3mlLblsL7vvIzlj6PmhJ_lnIbmtqbnqLPlrprjgIIg44CQ57KJ6YeP57KJ56KX44CR5bu66K6u57KJ6YeP77yaMTjigJMyMGfjgILmjqjojZDmoIfphY0xOOKAkzIwZ-eyieeil--8iOS4rea1gemAn--8ie-8m-WPr-mAiemFjUVYMueyieeil--8iOS4rea1gemAn--8ieabv-aNouOAguiLpeWunumZheWHuua2suWBj-aFouOAgeaDs-aPkOa1gemAn--8jOWPr-WwneivlemAiemFjUVYMe-8iOS4reW_q-a1gemAn--8ieW5tuW-ruiwg-eglOejqOOAguacrOabsue6v-S4uuS4rea1gemAn-WPluWQke-8jOagh-mFjeS4jkVYMuWQjOWxnuS4rea1gemAn-abtOeos--8m0VYMeS7heWcqOWHuua2suWBj-aFouaXtuS9nOS4uuaPkOmAn-mAiemhueOAgiDjgJDosIPno6jjgJHnoJTno6jkuK3nu4bvvIjkuK3ng5jlubPooaHmoaPvvInjgILkuLvmrrXnm67moIfmtYHpgJ_nuqYgMy44IG1sL3PvvIjmrrXmtYHpgJ_vvJozLjggLyAyLjAgbWwvc--8ieOAguS7peS4u-autea1gemAn-S4uuWHhuiwg-ejqO-8muWunumZhea1gemAn-WBj-W_q-KGkuiwg-e7hu-8m-WBj-aFouKGkuiwg-eyl-OAgg==	L3N0YXRpYy9ob3lpL25vbmUucG5n	70	0	0	0	92	1	1	3	20	16	5	38	40	20	14	0	0
factory-v3-062	medium	5Lit54OY5Z2a5p6c5Y-v5Y-v	55Wl5L2O5Y6L5Li76JCD77yM56qB5Ye65Z2a5p6c44CB5Y-v5Y-v5LiO54Sm57OW55Sc5oSf44CCIOOAkOeyiemHj-eyieeil-OAkeW7uuiurueyiemHj--8mjE44oCTMjBn44CC5o6o6I2Q5qCH6YWNMTjigJMyMGfnsonnopfvvIjkuK3mtYHpgJ_vvInvvJvlj6_pgInphY1FWDLnsonnopfvvIjkuK3mtYHpgJ_vvInmm7_mjaLjgILoi6Xlrp7pmYXlh7rmtrLlgY_mhaLjgIHmg7Pmj5DmtYHpgJ_vvIzlj6_lsJ3or5XpgInphY1FWDHvvIjkuK3lv6vmtYHpgJ_vvInlubblvq7osIPnoJTno6jjgILmnKzmm7Lnur_kuLrkuK3mtYHpgJ_lj5blkJHvvIzmoIfphY3kuI5FWDLlkIzlsZ7kuK3mtYHpgJ_mm7TnqLPvvJtFWDHku4XlnKjlh7rmtrLlgY_mhaLml7bkvZzkuLrmj5DpgJ_pgInpobnjgILlj4LogIPnsonmtrLmr5TnuqYxOjEuOe-8iOWBnOa2sumHjee6pjM2Z--8ieOAgiDjgJDosIPno6jjgJHnoJTno6jkuK3nu4bvvIjkuK3ng5jlubPooaHmoaPvvInjgILkuLvokIPkuK3pq5jljovmoaPvvIzlu7rorq7mgLvokIPlj5bml7bpl7TnuqYyNeKAkzMzc-OAguiLpeWHuua2suaYjuaYvui_h-W_q-KGkuiwg-e7hu-8m-i_h-aFouaIluaWrea1geKGkuiwg-eyl-OAgiDlj4LogIPlgZzmtrLph43nuqYzNmfjgII=	L3N0YXRpYy9ob3lpL25vbmUucG5n	70	360	0	3	91	0	0	3	20	15	5	85	42	60	13	0	0
factory-v3-063	medium	5Lit54OY6Iqx5p6c6L-H5rih	55Wl6auY5rC05rip5LiOQmxvb23vvIzkv53nlZnkuK3mtYXov4fmuKHnmoTmnpznlJzjgIIg44CQ57KJ6YeP57KJ56KX44CR5bu66K6u57KJ6YeP77yaMTjigJMyMGfjgILmjqjojZDmoIfphY0xOOKAkzIwZ-eyieeil--8iOS4rea1gemAn--8ie-8m-WPr-mAiemFjUVYMueyieeil--8iOS4rea1gemAn--8ieabv-aNouOAguiLpeWunumZheWHuua2suWBj-aFouOAgeaDs-aPkOa1gemAn--8jOWPr-WwneivlemAiemFjUVYMe-8iOS4reW_q-a1gemAn--8ieW5tuW-ruiwg-eglOejqOOAguacrOabsue6v-S4uuS4rea1gemAn-WPluWQke-8jOagh-mFjeS4jkVYMuWQjOWxnuS4rea1gemAn-abtOeos--8m0VYMeS7heWcqOWHuua2suWBj-aFouaXtuS9nOS4uuaPkOmAn-mAiemhueOAgiDjgJDosIPno6jjgJHnoJTno6jkuK3nu4bvvIjkuK3ng5jlubPooaHmoaPvvInjgILkuLvokIPnuqY5YmFy5qGj77yM5bu66K6u5oC76JCD5Y-W5pe26Ze057qmMjXigJMzM3PjgILpooTmtbjmrrXop4Llr5_nsonlsYLmtbjmtqbvvJroi6Xlh7rmtrLmmI7mmL7ov4flv6vihpLosIPnu4bvvJvov4fmhaLmiJbmlq3mtYHihpLosIPnspfjgII=	L3N0YXRpYy9ob3lpL25vbmUucG5n	75	0	0	5	93	0	0	3	20	18	6	90	42	60	15	0	0
factory-v3-064	medium	5Lit54OYU2xheWVy5byP	6ZW_6aKE5rW45ZCO5Y2H5Y6L77yM55Sc5oSf5pu05aW977yM5Yi65r-A5oSf5pu05L2O44CCIOOAkOeyiemHj-eyieeil-OAkeW7uuiurueyiemHj--8mjE44oCTMjBn44CC5o6o6I2Q5qCH6YWNMTjigJMyMGfnsonnopfvvIjkuK3mtYHpgJ_vvInvvJvlj6_pgInphY1FWDLnsonnopfvvIjkuK3mtYHpgJ_vvInmm7_mjaLjgILoi6Xlrp7pmYXlh7rmtrLlgY_mhaLjgIHmg7Pmj5DmtYHpgJ_vvIzlj6_lsJ3or5XpgInphY1FWDHvvIjkuK3lv6vmtYHpgJ_vvInlubblvq7osIPnoJTno6jjgILmnKzmm7Lnur_kuLrkuK3mtYHpgJ_lj5blkJHvvIzmoIfphY3kuI5FWDLlkIzlsZ7kuK3mtYHpgJ_mm7TnqLPvvJtFWDHku4XlnKjlh7rmtrLlgY_mhaLml7bkvZzkuLrmj5DpgJ_pgInpobnjgIIg44CQ6LCD56Oo44CR56CU56Oo5Lit57uG77yI5Lit54OY5bmz6KGh5qGj77yJ44CC5Li76JCD5Lit6auY5Y6L5qGj77yM5bu66K6u5oC76JCD5Y-W5pe26Ze057qmMjXigJMzM3PjgILpooTmtbjmrrXop4Llr5_nsonlsYLmtbjmtqbvvJroi6Xlh7rmtrLmmI7mmL7ov4flv6vihpLosIPnu4bvvJvov4fmhaLmiJbmlq3mtYHihpLosIPnspfjgII=	L3N0YXRpYy9ob3lpL25vbmUucG5n	72	0	0	9	92	0	0	3	20	24	9	85	36	60	12	0	0
factory-v3-065	medium	5Lit54OY5b-r5rWB5bmy5YeA	6L6D6auY5rWB6YCf57yp55-t5pe26Ze077yM5p2v5oSf5bmy5YeA5Yip6JC944CCIOOAkOeyiemHj-eyieeil-OAkeW7uuiurueyiemHj--8mjE44oCTMjBn44CC5o6o6I2Q6YCJ6YWNRVgx57KJ56KX77yI5Lit5b-r5rWB6YCf77yM5pu05Yy56YWN5pys5puy57q_6L6D5b-r5Ye65ray77yJ77yb5qCH6YWNMTjigJMyMGfnsonnopfvvIjkuK3mtYHpgJ_vvInkuZ_lj6_vvIzpnIDnm7jlupTosIPnspfnoJTno6jku6Xot5_kuIrmtYHpgJ_jgILmnKzmm7Lnur_lgY_kuK3lv6vmtYHpgJ_vvIxFWDHmm7TmmJPovr7liLDnm67moIfmtYHpgJ_kuI7muIXniL3lj6PmhJ_jgIIg44CQ6LCD56Oo44CR56CU56Oo5Lit57uG77yI5Lit54OY5bmz6KGh5qGj77yJ44CC5Li75q6155uu5qCH5rWB6YCf57qmIDQuOCBtbC9z77yI5q615rWB6YCf77yaNC44IC8gMi41IG1sL3PvvInjgILnm67moIfkuLvmrrXmtYHpgJ_lgY_pq5jvvIzoi6Xlrp7pmYXmtYHpgJ_mmI7mmL7kvY7kuo7nm67moIfliJnosIPnspfvvJvmmI7mmL7pq5jkuo7nm67moIfliJnosIPnu4bjgII=	L3N0YXRpYy9ob3lpL25vbmUucG5n	70	0	0	0	92	1	1	3	20	12	4	48	45	25	13	0	0
factory-v3-066	medium	5Lit54OY5oWi5rWB55Sc5oSf	5L2O5rWB6YCf5o-Q5Y2H55Sc5oSf5LiO6buP56ig5bqm77yM5rOo5oSP56CU56Oo5b6u6LCD44CCIOOAkOeyiemHj-eyieeil-OAkeW7uuiurueyiemHj--8mjE44oCTMjBn44CC5o6o6I2Q5qCH6YWNMTjigJMyMGfnsonnopfvvIjkuK3mtYHpgJ_vvInvvJvlj6_pgInphY1FWDLnsonnopfvvIjkuK3mtYHpgJ_vvInmm7_mjaLjgILoi6Xlrp7pmYXlh7rmtrLlgY_mhaLjgIHmg7Pmj5DmtYHpgJ_vvIzlj6_lsJ3or5XpgInphY1FWDHvvIjkuK3lv6vmtYHpgJ_vvInlubblvq7osIPnoJTno6jjgILmnKzmm7Lnur_kuLrkuK3mtYHpgJ_lj5blkJHvvIzmoIfphY3kuI5FWDLlkIzlsZ7kuK3mtYHpgJ_mm7TnqLPvvJtFWDHku4XlnKjlh7rmtrLlgY_mhaLml7bkvZzkuLrmj5DpgJ_pgInpobnjgIIg44CQ6LCD56Oo44CR56CU56Oo5Lit57uG77yI5Lit54OY5bmz6KGh5qGj77yJ44CC5Li75q6155uu5qCH5rWB6YCf57qmIDIuMyBtbC9z77yI5q615rWB6YCf77yaMi4zIC8gMS42IG1sL3PvvInjgILku6XkuLvmrrXmtYHpgJ_kuLrlh4bosIPno6jvvJrlrp7pmYXmtYHpgJ_lgY_lv6vihpLosIPnu4bvvJvlgY_mhaLihpLosIPnspfjgII=	L3N0YXRpYy9ob3lpL25vbmUucG5n	68	0	0	0	91	1	1	3	20	15	6	23	40	16	13	0	0
factory-v3-067	medium	5Lit54OY5Y-M5YCN5rWT57yp	5qCH5YeG5Y-M5Lu977yM5YGc5ray6YeNMzZn77yM5pel5bi45Ye65ZOB56iz5a6a6YWN5pa544CCIOOAkOeyiemHj-eyieeil-OAkeW7uuiurueyiemHj--8mjE44oCTMjBn44CC5o6o6I2Q5qCH6YWNMTjigJMyMGfnsonnopfvvIjkuK3mtYHpgJ_vvInvvJvlj6_pgInphY1FWDLnsonnopfvvIjkuK3mtYHpgJ_vvInmm7_mjaLjgILoi6Xlrp7pmYXlh7rmtrLlgY_mhaLjgIHmg7Pmj5DmtYHpgJ_vvIzlj6_lsJ3or5XpgInphY1FWDHvvIjkuK3lv6vmtYHpgJ_vvInlubblvq7osIPnoJTno6jjgILmnKzmm7Lnur_kuLrkuK3mtYHpgJ_lj5blkJHvvIzmoIfphY3kuI5FWDLlkIzlsZ7kuK3mtYHpgJ_mm7TnqLPvvJtFWDHku4XlnKjlh7rmtrLlgY_mhaLml7bkvZzkuLrmj5DpgJ_pgInpobnjgILlj4LogIPnsonmtrLmr5TnuqYxOjEuOe-8iOWBnOa2sumHjee6pjM2Z--8ieOAgiDjgJDosIPno6jjgJHnoJTno6jkuK3nu4bvvIjkuK3ng5jlubPooaHmoaPvvInjgILkuLvokIPnuqY5YmFy5qGj77yM5bu66K6u5oC76JCD5Y-W5pe26Ze057qmMjXigJMzM3PjgILoi6Xlh7rmtrLmmI7mmL7ov4flv6vihpLosIPnu4bvvJvov4fmhaLmiJbmlq3mtYHihpLosIPnspfjgIIg5Y-C6ICD5YGc5ray6YeN57qmMzZn44CC	L3N0YXRpYy9ob3lpL25vbmUucG5n	70	360	0	0	92	0	0	2	90	55	26	60	15	0	0	0	0
factory-v3-068	medium	5Lit54OY5Y2V5Lu95rWT57yp	5Y2V5Lu95rWT57yp77yM6YCC5ZCI5bCP5p2v55u06aWu44CCIOOAkOeyiemHj-eyieeil-OAkeW7uuiurueyiemHj--8mjE04oCTMTZn44CC5bu66K6u5L2_55So5qCH6YWNMTjigJMyMGfnsonnopfvvIjkuK3mtYHpgJ_vvInlgZrljZXku73oo4XloavvvJvlj6_pgInphY1FWDLjgILpgJrluLjml6DpnIBFWDHjgILljZXku73ku6XkuK3mtYHpgJ_nsonnopfmm7TmmJPmjqfliLbjgILlj4LogIPnsonmtrLmr5TnuqYxOjEuMu-8iOWBnOa2sumHjee6pjE4Z--8ieOAgiDjgJDosIPno6jjgJHnoJTno6jkuK3nu4bvvIjkuK3ng5jlubPooaHmoaPvvInjgILkuLvokIPnuqY5YmFy5qGj77yM5bu66K6u5oC76JCD5Y-W5pe26Ze057qmMjXigJMzM3PjgILoi6Xlh7rmtrLmmI7mmL7ov4flv6vihpLosIPnu4bvvJvov4fmhaLmiJbmlq3mtYHihpLosIPnspfjgIIg5Y-C6ICD5YGc5ray6YeN57qmMThn44CC	L3N0YXRpYy9ob3lpL25vbmUucG5n	40	180	0	0	92	0	0	2	90	30	22	60	10	0	0	0	0
factory-v3-069	medium	5Lit54OY5Yaw576O5byP	5YGP5riF54i95Z-65bqV77yM6YCC5ZCI5Yqg5Yaw5rC044CCIOOAkOeyiemHj-eyieeil-OAkeW7uuiurueyiemHj--8mjE44oCTMjBn44CC5o6o6I2Q6YCJ6YWNRVgx57KJ56KX77yI5Lit5b-r5rWB6YCf77yM5pu05Yy56YWN5pys5puy57q_6L6D5b-r5Ye65ray77yJ77yb5qCH6YWNMTjigJMyMGfnsonnopfvvIjkuK3mtYHpgJ_vvInkuZ_lj6_vvIzpnIDnm7jlupTosIPnspfnoJTno6jku6Xot5_kuIrmtYHpgJ_jgILmnKzmm7Lnur_lgY_kuK3lv6vmtYHpgJ_vvIxFWDHmm7TmmJPovr7liLDnm67moIfmtYHpgJ_kuI7muIXniL3lj6PmhJ_jgIIg44CQ6LCD56Oo44CR56CU56Oo5Lit57uG77yI5Lit54OY5bmz6KGh5qGj77yJ44CC5Li75q6155uu5qCH5rWB6YCf57qmIDQuNSBtbC9z77yI5q615rWB6YCf77yaNC41IC8gMi41IG1sL3PvvInjgILnm67moIfkuLvmrrXmtYHpgJ_lgY_pq5jvvIzoi6Xlrp7pmYXmtYHpgJ_mmI7mmL7kvY7kuo7nm67moIfliJnosIPnspfvvJvmmI7mmL7pq5jkuo7nm67moIfliJnosIPnu4bjgII=	L3N0YXRpYy9ob3lpL25vbmUucG5n	85	0	0	3	91	1	1	3	20	18	5	45	52	25	15	0	0
factory-v3-070	medium	5Lit54OYRmxhdCBXaGl0ZQ==	5r6z55m96aOO5qC877yM55-t6ICM5Y6a77yM5aW25ZKW6J6N5ZCI5bqm6auY44CCIOOAkOeyiemHj-eyieeil-OAkeW7uuiurueyiemHj--8mjE44oCTMjBn44CC5o6o6I2Q5qCH6YWNMTjigJMyMGfnsonnopfvvIjkuK3mtYHpgJ_vvInvvJvlj6_pgInphY1FWDLnsonnopfvvIjkuK3mtYHpgJ_vvInmm7_mjaLjgILoi6Xlrp7pmYXlh7rmtrLlgY_mhaLjgIHmg7Pmj5DmtYHpgJ_vvIzlj6_lsJ3or5XpgInphY1FWDHvvIjkuK3lv6vmtYHpgJ_vvInlubblvq7osIPnoJTno6jjgILmnKzmm7Lnur_kuLrkuK3mtYHpgJ_lj5blkJHvvIzmoIfphY3kuI5FWDLlkIzlsZ7kuK3mtYHpgJ_mm7TnqLPvvJtFWDHku4XlnKjlh7rmtrLlgY_mhaLml7bkvZzkuLrmj5DpgJ_pgInpobnjgILlj4LogIPnsonmtrLmr5TnuqYxOjEuNO-8iOWBnOa2sumHjee6pjI2Z--8ieOAgiDjgJDosIPno6jjgJHnoJTno6jkuK3nu4bvvIjkuK3ng5jlubPooaHmoaPvvInjgILkuLvokIPnuqY5YmFy5qGj77yM5bu66K6u5oC76JCD5Y-W5pe26Ze057qmMjXigJMzM3PjgILoi6Xlh7rmtrLmmI7mmL7ov4flv6vihpLosIPnu4bvvJvov4fmhaLmiJbmlq3mtYHihpLosIPnspfjgIIg5Y-C6ICD5YGc5ray6YeN57qmMjZn44CC	L3N0YXRpYy9ob3lpL25vbmUucG5n	63	260	0	2	92	0	0	3	20	14	5	90	32	65	17	0	0
factory-v3-071	medium	5Lit54OY6auY5Y6L5Yay6aG2	OS41YmFy5Yay6aG25ZCO6ZmN5Y6L77yM5rK56ISC5pu06Laz44CB5bGC5qyh5pu05piO5pi-44CCIOOAkOeyiemHj-eyieeil-OAkeW7uuiurueyiemHj--8mjE44oCTMjBn44CC5o6o6I2Q5qCH6YWNMTjigJMyMGfnsonnopfvvIjkuK3mtYHpgJ_vvInvvJvlj6_pgInphY1FWDLnsonnopfvvIjkuK3mtYHpgJ_vvInmm7_mjaLjgILoi6Xlrp7pmYXlh7rmtrLlgY_mhaLjgIHmg7Pmj5DmtYHpgJ_vvIzlj6_lsJ3or5XpgInphY1FWDHvvIjkuK3lv6vmtYHpgJ_vvInlubblvq7osIPnoJTno6jjgILmnKzmm7Lnur_kuLrkuK3mtYHpgJ_lj5blkJHvvIzmoIfphY3kuI5FWDLlkIzlsZ7kuK3mtYHpgJ_mm7TnqLPvvJtFWDHku4XlnKjlh7rmtrLlgY_mhaLml7bkvZzkuLrmj5DpgJ_pgInpobnjgILlj4LogIPnsonmtrLmr5TnuqYxOjEuOe-8iOWBnOa2sumHjee6pjM2Z--8ieOAgiDjgJDosIPno6jjgJHnoJTno6jkuK3nu4bvvIjkuK3ng5jlubPooaHmoaPvvInjgILkuLvokIPnuqY5YmFy5qGj77yM5bu66K6u5oC76JCD5Y-W5pe26Ze057qmMjXigJMzM3PjgILoi6Xlh7rmtrLmmI7mmL7ov4flv6vihpLosIPnu4bvvJvov4fmhaLmiJbmlq3mtYHihpLosIPnspfjgIIg5Y-C6ICD5YGc5ray6YeN57qmMzZn44CC	L3N0YXRpYy9ob3lpL25vbmUucG5n	70	360	0	0	92	0	0	3	25	14	5	95	42	60	14	0	0
factory-v3-072	medium	5Lit54OY5L2O5Y6L5p-U6aG6	5YGP5L2O5Y6L5YeP5bCR5Yi65r-A77yM5Y-j5oSf5pu05p-U6aG644CCIOOAkOeyiemHj-eyieeil-OAkeW7uuiurueyiemHj--8mjE44oCTMjBn44CC5o6o6I2Q5qCH6YWNMTjigJMyMGfnsonnopfvvIjkuK3mtYHpgJ_vvInvvJvlj6_pgInphY1FWDLnsonnopfvvIjkuK3mtYHpgJ_vvInmm7_mjaLjgILoi6Xlrp7pmYXlh7rmtrLlgY_mhaLjgIHmg7Pmj5DmtYHpgJ_vvIzlj6_lsJ3or5XpgInphY1FWDHvvIjkuK3lv6vmtYHpgJ_vvInlubblvq7osIPnoJTno6jjgILmnKzmm7Lnur_kuLrkuK3mtYHpgJ_lj5blkJHvvIzmoIfphY3kuI5FWDLlkIzlsZ7kuK3mtYHpgJ_mm7TnqLPvvJtFWDHku4XlnKjlh7rmtrLlgY_mhaLml7bkvZzkuLrmj5DpgJ_pgInpobnjgIIg44CQ6LCD56Oo44CR56CU56Oo5Lit57uG77yI5Lit54OY5bmz6KGh5qGj77yJ44CC5Li76JCD5YGP5L2O5Y6L5qGj77yM5bu66K6u5oC76JCD5Y-W5pe26Ze057qmMjXigJMzM3PjgILoi6Xlh7rmtrLmmI7mmL7ov4flv6vihpLosIPnu4bvvJvov4fmhaLmiJbmlq3mtYHihpLosIPnspfjgII=	L3N0YXRpYy9ob3lpL25vbmUucG5n	70	0	0	3	91	0	0	3	20	16	5	75	42	55	12	0	0
factory-v3-073	medium	5Lit54OYQmxvb23lj5jmtYE=	6aKE5rW45ZCO5Y-Y5rWB5Li76JCD77yM5Z2H5YyA5LiO6aG65ruR5YW85b6X44CCIOOAkOeyiemHj-eyieeil-OAkeW7uuiurueyiemHj--8mjE44oCTMjBn44CC5o6o6I2Q5qCH6YWNMTjigJMyMGfnsonnopfvvIjkuK3mtYHpgJ_vvInvvJvlj6_pgInphY1FWDLnsonnopfvvIjkuK3mtYHpgJ_vvInmm7_mjaLjgILoi6Xlrp7pmYXlh7rmtrLlgY_mhaLjgIHmg7Pmj5DmtYHpgJ_vvIzlj6_lsJ3or5XpgInphY1FWDHvvIjkuK3lv6vmtYHpgJ_vvInlubblvq7osIPnoJTno6jjgILmnKzmm7Lnur_kuLrkuK3mtYHpgJ_lj5blkJHvvIzmoIfphY3kuI5FWDLlkIzlsZ7kuK3mtYHpgJ_mm7TnqLPvvJtFWDHku4XlnKjlh7rmtrLlgY_mhaLml7bkvZzkuLrmj5DpgJ_pgInpobnjgIIg44CQ6LCD56Oo44CR56CU56Oo5Lit57uG77yI5Lit54OY5bmz6KGh5qGj77yJ44CC5Li75q6155uu5qCH5rWB6YCf57qmIDMuNiBtbC9z77yI5q615rWB6YCf77yaMy42IC8gMi4wIG1sL3PvvInjgILku6XkuLvmrrXmtYHpgJ_kuLrlh4bosIPno6jvvJrlrp7pmYXmtYHpgJ_lgY_lv6vihpLosIPnu4bvvJvlgY_mhaLihpLosIPnspfjgII=	L3N0YXRpYy9ob3lpL25vbmUucG5n	72	0	0	4	92	1	1	3	20	18	6	36	42	20	12	0	0
factory-v3-074	medium	5Lit54OY5aW25ZKW55Sc5oSf	5pS25bC-5pu05p-U77yM6ZmN5L2O5bmy5rap77yM6YCC5ZCI54mb5aW26aWu5ZOB44CCIOOAkOeyiemHj-eyieeil-OAkeW7uuiurueyiemHj--8mjE44oCTMjBn44CC5o6o6I2Q5qCH6YWNMTjigJMyMGfnsonnopfvvIjkuK3mtYHpgJ_vvInvvJvlj6_pgInphY1FWDLnsonnopfvvIjkuK3mtYHpgJ_vvInmm7_mjaLjgILoi6Xlrp7pmYXlh7rmtrLlgY_mhaLjgIHmg7Pmj5DmtYHpgJ_vvIzlj6_lsJ3or5XpgInphY1FWDHvvIjkuK3lv6vmtYHpgJ_vvInlubblvq7osIPnoJTno6jjgILmnKzmm7Lnur_kuLrkuK3mtYHpgJ_lj5blkJHvvIzmoIfphY3kuI5FWDLlkIzlsZ7kuK3mtYHpgJ_mm7TnqLPvvJtFWDHku4XlnKjlh7rmtrLlgY_mhaLml7bkvZzkuLrmj5DpgJ_pgInpobnjgILlj4LogIPnsonmtrLmr5TnuqYxOjEuOO-8iOWBnOa2sumHjee6pjM0Z--8ieOAgiDjgJDosIPno6jjgJHnoJTno6jkuK3nu4bvvIjkuK3ng5jlubPooaHmoaPvvInjgILkuLvmrrXnm67moIfmtYHpgJ_nuqYgMy41IG1sL3PvvIjmrrXmtYHpgJ_vvJozLjUgLyAxLjggbWwvc--8ieOAguS7peS4u-autea1gemAn-S4uuWHhuiwg-ejqO-8muWunumZhea1gemAn-WBj-W_q-KGkuiwg-e7hu-8m-WBj-aFouKGkuiwg-eyl-OAgg==	L3N0YXRpYy9ob3lpL25vbmUucG5n	68	340	0	0	92	1	1	3	20	15	5	35	40	18	13	0	0
factory-v3-075	medium	5Lit54OY5pma6ZmN5Y6L	5Li76JCD5pu06ZW_77yM5pyr5q616ZmN5Y6L5oqR5Yi25bC-6Ium44CCIOOAkOeyiemHj-eyieeil-OAkeW7uuiurueyiemHj--8mjE44oCTMjBn44CC5o6o6I2Q5qCH6YWNMTjigJMyMGfnsonnopfvvIjkuK3mtYHpgJ_vvInvvJvlj6_pgInphY1FWDLnsonnopfvvIjkuK3mtYHpgJ_vvInmm7_mjaLjgILoi6Xlrp7pmYXlh7rmtrLlgY_mhaLjgIHmg7Pmj5DmtYHpgJ_vvIzlj6_lsJ3or5XpgInphY1FWDHvvIjkuK3lv6vmtYHpgJ_vvInlubblvq7osIPnoJTno6jjgILmnKzmm7Lnur_kuLrkuK3mtYHpgJ_lj5blkJHvvIzmoIfphY3kuI5FWDLlkIzlsZ7kuK3mtYHpgJ_mm7TnqLPvvJtFWDHku4XlnKjlh7rmtrLlgY_mhaLml7bkvZzkuLrmj5DpgJ_pgInpobnjgILlj4LogIPnsonmtrLmr5TnuqYxOjEuOe-8iOWBnOa2sumHjee6pjM2Z--8ieOAgiDjgJDosIPno6jjgJHnoJTno6jkuK3nu4bvvIjkuK3ng5jlubPooaHmoaPvvInjgILkuLvokIPnuqY5YmFy5qGj77yM5bu66K6u5oC76JCD5Y-W5pe26Ze057qmMjXigJMzM3PjgILoi6Xlh7rmtrLmmI7mmL7ov4flv6vihpLosIPnu4bvvJvov4fmhaLmiJbmlq3mtYHihpLosIPnspfjgIIg5Y-C6ICD5YGc5ray6YeN57qmMzZn44CC	L3N0YXRpYy9ob3lpL25vbmUucG5n	72	360	0	0	92	0	0	2	90	55	28	55	17	0	0	0	0
factory-v3-076	medium	5Lit54OY5pGp5Y2h5Z-65bqV	5YGP5rWT5Z-65bqV77yM5L6_5LqO5ben5YWL5Yqb6J6N5ZCI44CCIOOAkOeyiemHj-eyieeil-OAkeW7uuiurueyiemHj--8mjE44oCTMjBn44CC5o6o6I2Q5qCH6YWNMTjigJMyMGfnsonnopfvvIjkuK3mtYHpgJ_vvInvvJvlj6_pgInphY1FWDLnsonnopfvvIjkuK3mtYHpgJ_vvInmm7_mjaLjgILoi6Xlrp7pmYXlh7rmtrLlgY_mhaLjgIHmg7Pmj5DmtYHpgJ_vvIzlj6_lsJ3or5XpgInphY1FWDHvvIjkuK3lv6vmtYHpgJ_vvInlubblvq7osIPnoJTno6jjgILmnKzmm7Lnur_kuLrkuK3mtYHpgJ_lj5blkJHvvIzmoIfphY3kuI5FWDLlkIzlsZ7kuK3mtYHpgJ_mm7TnqLPvvJtFWDHku4XlnKjlh7rmtrLlgY_mhaLml7bkvZzkuLrmj5DpgJ_pgInpobnjgILlj4LogIPnsonmtrLmr5TnuqYxOjEuNe-8iOWBnOa2sumHjee6pjI4Z--8ieOAgiDjgJDosIPno6jjgJHnoJTno6jkuK3nu4bvvIjkuK3ng5jlubPooaHmoaPvvInjgILkuLvokIPnuqY5YmFy5qGj77yM5bu66K6u5oC76JCD5Y-W5pe26Ze057qmMjXigJMzM3PjgILoi6Xlh7rmtrLmmI7mmL7ov4flv6vihpLosIPnu4bvvJvov4fmhaLmiJbmlq3mtYHihpLosIPnspfjgIIg5Y-C6ICD5YGc5ray6YeN57qmMjhn44CC	L3N0YXRpYy9ob3lpL25vbmUucG5n	55	280	0	0	91	0	0	3	20	12	4	90	35	60	8	0	0
factory-v3-077	medium	5Lit54OY5Z2H6KGh55u06aWu	55u06aWu5Y-L5aW955qE5bmz6KGh6YWN5pa577yM55Sc5oSf44CB6YW45oSf44CB6Ium5oSf5Y2P6LCD44CCIOOAkOeyiemHj-eyieeil-OAkeW7uuiurueyiemHj--8mjE44oCTMjBn44CC5o6o6I2Q5qCH6YWNMTjigJMyMGfnsonnopfvvIjkuK3mtYHpgJ_vvInvvJvlj6_pgInphY1FWDLnsonnopfvvIjkuK3mtYHpgJ_vvInmm7_mjaLjgILoi6Xlrp7pmYXlh7rmtrLlgY_mhaLjgIHmg7Pmj5DmtYHpgJ_vvIzlj6_lsJ3or5XpgInphY1FWDHvvIjkuK3lv6vmtYHpgJ_vvInlubblvq7osIPnoJTno6jjgILmnKzmm7Lnur_kuLrkuK3mtYHpgJ_lj5blkJHvvIzmoIfphY3kuI5FWDLlkIzlsZ7kuK3mtYHpgJ_mm7TnqLPvvJtFWDHku4XlnKjlh7rmtrLlgY_mhaLml7bkvZzkuLrmj5DpgJ_pgInpobnjgILlj4LogIPnsonmtrLmr5TnuqYxOjEuOe-8iOWBnOa2sumHjee6pjM2Z--8ieOAgiDjgJDosIPno6jjgJHnoJTno6jkuK3nu4bvvIjkuK3ng5jlubPooaHmoaPvvInjgILkuLvokIPnuqY5YmFy5qGj77yM5bu66K6u5oC76JCD5Y-W5pe26Ze057qmMjXigJMzM3PjgILoi6Xlh7rmtrLmmI7mmL7ov4flv6vihpLosIPnu4bvvJvov4fmhaLmiJbmlq3mtYHihpLosIPnspfjgIIg5Y-C6ICD5YGc5ray6YeN57qmMzZn44CC	L3N0YXRpYy9ob3lpL25vbmUucG5n	70	360	0	3	92	0	0	3	20	15	5	90	40	60	15	0	0
factory-v3-078	super	6LaF6JCD5p6B6ZmQ57uG56Oo	5p6B57uG56CU56OoK-mVv-mihOa1uO-8jOi_veaxgumrmOiQg-WPlueOh-S4juaegeiHtOa1k-mDgeOAgiDjgJDnsonph4_nsonnopfjgJHlu7rorq7nsonph4_vvJoyMOKAkzIxZ-OAguaOqOiNkOagh-mFjTIw4oCTMjJn57KJ56KX77yI5Lit5rWB6YCf77yJ77yb5Y-v6YCJ6YWNRVgy57KJ56KX77yI5Lit5rWB6YCf77yJ5L2c5Li65ZCM5rWB6YCf5pu_5Luj44CC5LiN5bu66K6uRVgx77yI5Lit5b-r5rWB6YCf77yJ5Lul5YWN5rWB6YCf6L-H5b-r44CB6JCD5Y-W5YGP5rWF44CC5pys5puy57q_5YGP5oWiL-mrmOmYu-iQg-WPlu-8jOS8mOWFiOS4rea1gemAn-eyieeil-S7peeos-S9j-aOpeinpuaXtumXtOOAgiDjgJDosIPno6jjgJHnoJTno6jmnoHnu4bvvIjotoXokIPot6_nur_vvIznu4bnsonmm7TlpJrku6Xmi4npq5jokIPlj5bnjofvvInjgILkuLvokIPnuqY5YmFy5qGj77yM5bu66K6u5oC76JCD5Y-W5pe26Ze057qmMzDigJM0MHPvvIzmna_kvqflh7rmtrLlgY_mhaLogIzov57nu63jgILpooTmtbjmrrXop4Llr5_nsonlsYLmtbjmtqbvvJroi6Xlvojlv6vllrfmtowv5pe26Ze05piO5pi-55-t5LqOMzBz4oaS6LCD57uG77yb5ru05ru0562U562U5oiW6LaF5pe25Lil6YeN4oaS55Wl6LCD57KX44CC	L3N0YXRpYy9ob3lpL25vbmUucG5n	85	0	0	12	93	0	0	3	40	28	10	90	45	60	12	0	0
factory-v3-079	super	6LaF6JCD6ZW_5pe25o6l6Kem	5L2O5rWB6YCf5ouJ6ZW_5pe26Ze077yM5pyA5aSn5YyW5Y-v5rq254mp5o-Q5Y-W44CCIOOAkOeyiemHj-eyieeil-OAkeW7uuiurueyiemHj--8mjIw4oCTMjFn44CC5o6o6I2Q5qCH6YWNMjDigJMyMmfnsonnopfvvIjkuK3mtYHpgJ_vvInvvJvlj6_pgInphY1FWDLnsonnopfvvIjkuK3mtYHpgJ_vvInkvZzkuLrlkIzmtYHpgJ_mm7_ku6PjgILkuI3lu7rorq5FWDHvvIjkuK3lv6vmtYHpgJ_vvInku6XlhY3mtYHpgJ_ov4flv6vjgIHokIPlj5blgY_mtYXjgILmnKzmm7Lnur_lgY_mhaIv6auY6Zi76JCD5Y-W77yM5LyY5YWI5Lit5rWB6YCf57KJ56KX5Lul56iz5L2P5o6l6Kem5pe26Ze044CCIOOAkOiwg-ejqOOAkeeglOejqOaegee7hu-8iOi2heiQg-i3r-e6v--8jOe7hueyieabtOWkmuS7peaLiemrmOiQg-WPlueOh--8ieOAguS4u-auteebruagh-a1gemAn-e6piAxLjggbWwvc--8iOautea1gemAn--8mjEuOCAvIDEuMiBtbC9z77yJ44CC55uu5qCH5Li75q615rWB6YCf5YGP5L2O44CB5o6l6Kem5pe26Ze05pu06ZW_77yM6Iul5a6e6ZmF5rWB6YCf6L-H5b-r77yI57KJ5bGC6Zi75Yqb5LiN6Laz77yJ6K-36LCD57uG77yb6L-H5oWi5YiZ55Wl6LCD57KX6Ziy6Ze36Ium44CC	L3N0YXRpYy9ob3lpL25vbmUucG5n	90	0	0	8	92	1	1	3	30	25	10	18	50	12	15	0	0
factory-v3-080	super	6LaF6JCD6auY5Y6L5Yay6aG2	6auY5Y6L5Yay6aG26YeK5pS-5by65bqm77yM5pS25bC-6ZmN5Y6L5o6n5Yi26Ium5oSf44CCIOOAkOeyiemHj-eyieeil-OAkeW7uuiurueyiemHj--8mjIw4oCTMjFn44CC5o6o6I2Q5qCH6YWNMjDigJMyMmfnsonnopfvvIjkuK3mtYHpgJ_vvInvvJvlj6_pgInphY1FWDLnsonnopfvvIjkuK3mtYHpgJ_vvInkvZzkuLrlkIzmtYHpgJ_mm7_ku6PjgILkuI3lu7rorq5FWDHvvIjkuK3lv6vmtYHpgJ_vvInku6XlhY3mtYHpgJ_ov4flv6vjgIHokIPlj5blgY_mtYXjgILmnKzmm7Lnur_lgY_mhaIv6auY6Zi76JCD5Y-W77yM5LyY5YWI5Lit5rWB6YCf57KJ56KX5Lul56iz5L2P5o6l6Kem5pe26Ze044CCIOOAkOiwg-ejqOOAkeeglOejqOaegee7hu-8iOi2heiQg-i3r-e6v--8jOe7hueyieabtOWkmuS7peaLiemrmOiQg-WPlueOh--8ieOAguS4u-iQg-e6pjliYXLmoaPvvIzlu7rorq7mgLvokIPlj5bml7bpl7TnuqYzMOKAkzQwc--8jOadr-S-p-WHuua2suWBj-aFouiAjOi_nue7reOAgumihOa1uOauteinguWvn-eyieWxgua1uOa2pu-8muiLpeW-iOW_q-WWt-a2jC_ml7bpl7TmmI7mmL7nn63kuo4zMHPihpLosIPnu4bvvJvmu7Tmu7TnrZTnrZTmiJbotoXml7bkuKXph43ihpLnlaXosIPnspfjgII=	L3N0YXRpYy9ob3lpL25vbmUucG5n	80	0	0	6	93	0	0	3	30	20	6	100	45	60	15	0	0
factory-v3-081	super	6LaF6JCDQmxvb23lvLrljJY=	6LaF6ZW_6aKE5rW45YWF5YiG5rW45ram77yM5o-Q5Y2H5pW05L2T6JCD5Y-W5LiA6Ie05oCn44CCIOOAkOeyiemHj-eyieeil-OAkeW7uuiurueyiemHj--8mjIw4oCTMjFn44CC5o6o6I2Q5qCH6YWNMjDigJMyMmfnsonnopfvvIjkuK3mtYHpgJ_vvInvvJvlj6_pgInphY1FWDLnsonnopfvvIjkuK3mtYHpgJ_vvInkvZzkuLrlkIzmtYHpgJ_mm7_ku6PjgILkuI3lu7rorq5FWDHvvIjkuK3lv6vmtYHpgJ_vvInku6XlhY3mtYHpgJ_ov4flv6vjgIHokIPlj5blgY_mtYXjgILmnKzmm7Lnur_lgY_mhaIv6auY6Zi76JCD5Y-W77yM5LyY5YWI5Lit5rWB6YCf57KJ56KX5Lul56iz5L2P5o6l6Kem5pe26Ze044CCIOOAkOiwg-ejqOOAkeeglOejqOaegee7hu-8iOi2heiQg-i3r-e6v--8jOe7hueyieabtOWkmuS7peaLiemrmOiQg-WPlueOh--8ieOAguS4u-iQg-e6pjliYXLmoaPvvIzlu7rorq7mgLvokIPlj5bml7bpl7TnuqYzMOKAkzQwc--8jOadr-S-p-WHuua2suWBj-aFouiAjOi_nue7reOAgumihOa1uOauteinguWvn-eyieWxgua1uOa2pu-8muiLpeW-iOW_q-WWt-a2jC_ml7bpl7TmmI7mmL7nn63kuo4zMHPihpLosIPnu4bvvJvmu7Tmu7TnrZTnrZTmiJbotoXml7bkuKXph43ihpLnlaXosIPnspfjgII=	L3N0YXRpYy9ob3lpL25vbmUucG5n	85	0	0	15	93	0	0	3	20	30	15	90	40	60	15	0	0
factory-v3-082	super	6LaF6JCD5omL5Yay5oSfKw==	5Y-Y5rWB5o6l6L-R5omL5Yay6IqC5aWP77yM5aSn5ray6YeP5o6i57Si6aOO5ZGz6L6555WM44CCIOOAkOeyiemHj-eyieeil-OAkeW7uuiurueyiemHj--8mjE44oCTMTln44CC5o6o6I2Q6YCJ6YWNRVgx57KJ56KX77yI5Lit5b-r5rWB6YCf77yJ77yb5Lmf5Y-v55So5qCH6YWNMTjigJMyMGfnsonnopfvvIjkuK3mtYHpgJ_vvInlubblnqvkuIrkuIvmu6TnurjjgIHnoJTno6jku4vkuo7miYvlhrLkuI7mhI_lvI_kuYvpl7TjgIJUdXJiby_lpKfmtrLph4_lgY_kuK3lv6vmtYHpgJ_vvIzkvJjlhYhFWDHvvJvnsonnopfkuIrkuIvlnqvmu6Tnurjmm7TnqLPjgIIg44CQ6LCD56Oo44CR56CU56Oo5LuL5LqO5omL5Yay5LiO5oSP5byP5LmL6Ze077yI5YGP57KX5LqO57uP5YW45oSP5byP77yJ44CC5aSn5ray6YeP5Y-Y5rWB77yM5Li75q6155uu5qCH5rWB6YCf57qmIDIuMiBtbC9z44CC6Iul5rWB6YCf6ZW_5pyf5L2O5LqO55uu5qCH4oaS6LCD57KX77yb5piO5pi-6auY5LqO55uu5qCH5oiW6L-H5reh4oaS6LCD57uG44CC57KJ56KX5bu66K6u5LiK5LiL5Z6r5ruk57q45pu056iz44CC	L3N0YXRpYy9ob3lpL25vbmUucG5n	120	0	0	5	92	1	1	3	40	40	10	22	60	15	20	0	0
factory-v3-083	super	6LaF6JCD5rWT6YOB55u06aWu	6auY5rWT5bqm55-t5Lit5ray6YeP77yM6YCC5ZCI6L-95rGC5Y6a6YeN55u06aWu5L2T6aqM44CCIOOAkOeyiemHj-eyieeil-OAkeW7uuiurueyiemHj--8mjIw4oCTMjFn44CC5o6o6I2Q5qCH6YWNMjDigJMyMmfnsonnopfvvIjkuK3mtYHpgJ_vvInvvJvlj6_pgInphY1FWDLnsonnopfvvIjkuK3mtYHpgJ_vvInkvZzkuLrlkIzmtYHpgJ_mm7_ku6PjgILkuI3lu7rorq5FWDHvvIjkuK3lv6vmtYHpgJ_vvInku6XlhY3mtYHpgJ_ov4flv6vjgIHokIPlj5blgY_mtYXjgILmnKzmm7Lnur_lgY_mhaIv6auY6Zi76JCD5Y-W77yM5LyY5YWI5Lit5rWB6YCf57KJ56KX5Lul56iz5L2P5o6l6Kem5pe26Ze044CCIOOAkOiwg-ejqOOAkeeglOejqOaegee7hu-8iOi2heiQg-i3r-e6v--8jOe7hueyieabtOWkmuS7peaLiemrmOiQg-WPlueOh--8ieOAguS4u-iQg-e6pjliYXLmoaPvvIzlu7rorq7mgLvokIPlj5bml7bpl7TnuqYzMOKAkzQwc--8jOadr-S-p-WHuua2suWBj-aFouiAjOi_nue7reOAgumihOa1uOauteinguWvn-eyieWxgua1uOa2pu-8muiLpeW-iOW_q-WWt-a2jC_ml7bpl7TmmI7mmL7nn63kuo4zMHPihpLosIPnu4bvvJvmu7Tmu7TnrZTnrZTmiJbotoXml7bkuKXph43ihpLnlaXosIPnspfjgII=	L3N0YXRpYy9ob3lpL25vbmUucG5n	60	0	0	8	92	0	0	3	40	20	8	95	30	60	10	0	0
factory-v3-084	super	6LaF6JCD5Yaw6aWu5Z-65bqV	6auY6JCD5Y-W5Z-65bqV5Yqg5rC0L-WKoOWGsO-8jOmjjuWRs-S7jemlsea7oeS4jeWvoea3oeOAgiDjgJDnsonph4_nsonnopfjgJHlu7rorq7nsonph4_vvJoyMOKAkzIxZ-OAguaOqOiNkOagh-mFjTIw4oCTMjJn57KJ56KX77yI5Lit5rWB6YCf77yJ77yb5Y-v6YCJ6YWNRVgy57KJ56KX77yI5Lit5rWB6YCf77yJ44CC5LiA6Iis5LiN6ZyA6KaBRVgx44CC5pys5puy57q_5Li65Lit5rWB6YCf5Y-W5ZCR77yM5qCH6YWN5LiORVgy5ZCM5bGe5Lit5rWB6YCf5pu056iz77ybRVgx5LuF5Zyo5Ye65ray5YGP5oWi5pe25L2c5Li65o-Q6YCf6YCJ6aG544CCIOOAkOiwg-ejqOOAkeeglOejqOaegee7hu-8iOi2heiQg-i3r-e6v--8jOe7hueyieabtOWkmuS7peaLiemrmOiQg-WPlueOh--8ieOAguS4u-auteebruagh-a1gemAn-e6piAyLjUgbWwvc--8iOautea1gemAn--8mjIuNSAvIDEuOCBtbC9z77yJ44CC5Lul5Li75q615rWB6YCf5Li65YeG6LCD56Oo77ya5a6e6ZmF5rWB6YCf5YGP5b-r4oaS6LCD57uG77yb5YGP5oWi4oaS6LCD57KX44CC	L3N0YXRpYy9ob3lpL25vbmUucG5n	100	0	0	6	91	1	1	3	30	25	8	25	60	18	15	0	0
factory-v3-085	super	6LaF6JCD5Lmd5be056iz5Y6L	56iz5Y6LOWJhcumVv-aXtuS4u-iQg--8jOe7j-WFuOmrmOW8uuW6puaWueahiOOAgiDjgJDnsonph4_nsonnopfjgJHlu7rorq7nsonph4_vvJoyMOKAkzIxZ-OAguaOqOiNkOagh-mFjTIw4oCTMjJn57KJ56KX77yI5Lit5rWB6YCf77yJ77yb5Y-v6YCJ6YWNRVgy57KJ56KX77yI5Lit5rWB6YCf77yJ5L2c5Li65ZCM5rWB6YCf5pu_5Luj44CC5LiN5bu66K6uRVgx77yI5Lit5b-r5rWB6YCf77yJ5Lul5YWN5rWB6YCf6L-H5b-r44CB6JCD5Y-W5YGP5rWF44CC5pys5puy57q_5YGP5oWiL-mrmOmYu-iQg-WPlu-8jOS8mOWFiOS4rea1gemAn-eyieeil-S7peeos-S9j-aOpeinpuaXtumXtOOAgiDjgJDosIPno6jjgJHnoJTno6jmnoHnu4bvvIjotoXokIPot6_nur_vvIznu4bnsonmm7TlpJrku6Xmi4npq5jokIPlj5bnjofvvInjgILkuLvokIPnuqY5YmFy5qGj77yM5bu66K6u5oC76JCD5Y-W5pe26Ze057qmMzDigJM0MHPvvIzmna_kvqflh7rmtrLlgY_mhaLogIzov57nu63jgILpooTmtbjmrrXop4Llr5_nsonlsYLmtbjmtqbvvJroi6Xlvojlv6vllrfmtowv5pe26Ze05piO5pi-55-t5LqOMzBz4oaS6LCD57uG77yb5ru05ru0562U562U5oiW6LaF5pe25Lil6YeN4oaS55Wl6LCD57KX44CC	L3N0YXRpYy9ob3lpL25vbmUucG5n	80	0	0	5	92	0	0	3	30	20	6	90	50	60	10	0	0
factory-v3-086	super	6LaF6JCD5Y-Y5rWB54is5Y2H	5rWB6YCf6YCQ5q2l5Y-Y5YyW77yM5aGR6YCg5by65bqm5LiO5bGC5qyh44CCIOOAkOeyiemHj-eyieeil-OAkeW7uuiurueyiemHj--8mjIw4oCTMjFn44CC5o6o6I2Q5qCH6YWNMjDigJMyMmfnsonnopfvvIjkuK3mtYHpgJ_vvInvvJvlj6_pgInphY1FWDLnsonnopfvvIjkuK3mtYHpgJ_vvInjgILkuIDoiKzkuI3pnIDopoFFWDHjgILmnKzmm7Lnur_kuLrkuK3mtYHpgJ_lj5blkJHvvIzmoIfphY3kuI5FWDLlkIzlsZ7kuK3mtYHpgJ_mm7TnqLPvvJtFWDHku4XlnKjlh7rmtrLlgY_mhaLml7bkvZzkuLrmj5DpgJ_pgInpobnjgIIg44CQ6LCD56Oo44CR56CU56Oo5p6B57uG77yI6LaF6JCD6Lev57q_77yM57uG57KJ5pu05aSa5Lul5ouJ6auY6JCD5Y-W546H77yJ44CC5Li75q6155uu5qCH5rWB6YCf57qmIDIuOCBtbC9z77yI5q615rWB6YCf77yaMi4wIC8gMi44IC8gMS41IG1sL3PvvInjgILku6XkuLvmrrXmtYHpgJ_kuLrlh4bosIPno6jvvJrlrp7pmYXmtYHpgJ_lgY_lv6vihpLosIPnu4bvvJvlgY_mhaLihpLosIPnspfjgII=	L3N0YXRpYy9ob3lpL25vbmUucG5n	90	0	0	6	92	1	1	4	30	20	8	20	35	28	25	15	10
factory-v3-087	super	6LaF6JCD5ruk57q45Z6r56KX	5ruk57q46ZmN5L2O57uG57KJ5bmy5omw77yM6YWN5ZCI57uG56Oo6L-95rGC5bmy5YeA6auY6JCD44CCIOOAkOeyiemHj-eyieeil-OAkeW7uuiurueyiemHj--8mjIw4oCTMjFn44CC5o6o6I2Q5qCH6YWNMjDigJMyMmfnsonnopfvvIjkuK3mtYHpgJ_vvInvvJvlj6_pgInphY1FWDLnsonnopfvvIjkuK3mtYHpgJ_vvInjgILkuIDoiKzkuI3pnIDopoFFWDHjgILmnKzmm7Lnur_kuLrkuK3mtYHpgJ_lj5blkJHvvIzmoIfphY3kuI5FWDLlkIzlsZ7kuK3mtYHpgJ_mm7TnqLPvvJtFWDHku4XlnKjlh7rmtrLlgY_mhaLml7bkvZzkuLrmj5DpgJ_pgInpobnjgIIg44CQ6LCD56Oo44CR56CU56Oo5p6B57uG77yI6LaF6JCD6Lev57q_77yM57uG57KJ5pu05aSa5Lul5ouJ6auY6JCD5Y-W546H77yJ44CC5Li75q6155uu5qCH5rWB6YCf57qmIDIuNSBtbC9z77yI5q615rWB6YCf77yaMi41IC8gMS44IG1sL3PvvInjgILku6XkuLvmrrXmtYHpgJ_kuLrlh4bosIPno6jvvJrlrp7pmYXmtYHpgJ_lgY_lv6vihpLosIPnu4bvvJvlgY_mhaLihpLosIPnspfjgII=	L3N0YXRpYy9ob3lpL25vbmUucG5n	100	0	0	10	92	1	1	3	25	25	8	25	60	18	15	0	0
factory-v3-088	super	6LaF6JCD6YW455Sc5p6B6ZmQ	6auY5ripK-e7huejqCvplb_pooTmtbjvvIzlhrLlh7vphbjnlJzkuIrpmZDjgIIg44CQ57KJ6YeP57KJ56KX44CR5bu66K6u57KJ6YeP77yaMjDigJMyMWfjgILmjqjojZDmoIfphY0yMOKAkzIyZ-eyieeil--8iOS4rea1gemAn--8ie-8m-WPr-mAiemFjUVYMueyieeil--8iOS4rea1gemAn--8ieS9nOS4uuWQjOa1gemAn-abv-S7o-OAguS4jeW7uuiurkVYMe-8iOS4reW_q-a1gemAn--8ieS7peWFjea1gemAn-i_h-W_q-OAgeiQg-WPluWBj-a1heOAguacrOabsue6v-WBj-aFoi_pq5jpmLvokIPlj5bvvIzkvJjlhYjkuK3mtYHpgJ_nsonnopfku6XnqLPkvY_mjqXop6bml7bpl7TjgIIg44CQ6LCD56Oo44CR56CU56Oo5p6B57uG77yI6LaF6JCD6Lev57q_77yM57uG57KJ5pu05aSa5Lul5ouJ6auY6JCD5Y-W546H77yJ44CC5Li76JCD57qmOWJhcuaho--8jOW7uuiuruaAu-iQg-WPluaXtumXtOe6pjMw4oCTNDBz77yM5p2v5L6n5Ye65ray5YGP5oWi6ICM6L-e57ut44CC6aKE5rW45q616KeC5a-f57KJ5bGC5rW45ram77ya6Iul5b6I5b-r5Za35raML-aXtumXtOaYjuaYvuefreS6jjMwc-KGkuiwg-e7hu-8m-a7tOa7tOetlOetlOaIlui2heaXtuS4pemHjeKGkueVpeiwg-eyl-OAgg==	L3N0YXRpYy9ob3lpL25vbmUucG5n	85	0	0	12	94	0	0	3	25	28	12	90	42	55	15	0	0
factory-v3-089	super	6LaF6JCD6Ium55Sc5rWT6YOB	55Wl5L2O5rC05rip5oqR5Yi25Yi65r-A77yM5by65YyW6Ium55Sc5Y6a6YeN5oSf44CCIOOAkOeyiemHj-eyieeil-OAkeW7uuiurueyiemHj--8mjIw4oCTMjFn44CC5o6o6I2Q5qCH6YWNMjDigJMyMmfnsonnopfvvIjkuK3mtYHpgJ_vvInvvJvlj6_pgInphY1FWDLnsonnopfvvIjkuK3mtYHpgJ_vvInkvZzkuLrlkIzmtYHpgJ_mm7_ku6PjgILkuI3lu7rorq5FWDHvvIjkuK3lv6vmtYHpgJ_vvInku6XlhY3mtYHpgJ_ov4flv6vjgIHokIPlj5blgY_mtYXjgILmnKzmm7Lnur_lgY_mhaIv6auY6Zi76JCD5Y-W77yM5LyY5YWI5Lit5rWB6YCf57KJ56KX5Lul56iz5L2P5o6l6Kem5pe26Ze044CCIOOAkOiwg-ejqOOAkeeglOejqOaegee7hu-8iOi2heiQg-i3r-e6v--8jOe7hueyieabtOWkmuS7peaLiemrmOiQg-WPlueOh--8ieOAguS4u-iQg-e6pjliYXLmoaPvvIzlu7rorq7mgLvokIPlj5bml7bpl7TnuqYzMOKAkzQwc--8jOadr-S-p-WHuua2suWBj-aFouiAjOi_nue7reOAgumihOa1uOauteinguWvn-eyieWxgua1uOa2pu-8muiLpeW-iOW_q-WWt-a2jC_ml7bpl7TmmI7mmL7nn63kuo4zMHPihpLosIPnu4bvvJvmu7Tmu7TnrZTnrZTmiJbotoXml7bkuKXph43ihpLnlaXosIPnspfjgII=	L3N0YXRpYy9ob3lpL25vbmUucG5n	80	0	0	8	90	0	0	3	30	22	8	90	45	60	13	0	0
factory-v3-090	super	6LaF6JCDVHVyYm_mnoHpmZA=	VHVyYm_mgJ3ot6_mlL7lpKfmtrLph4_kuI7ml7bpl7Tnqpflj6PvvIzmjqLntKLotoXokIPovrnnlYzjgIIg44CQ57KJ6YeP57KJ56KX44CR5bu66K6u57KJ6YeP77yaMTjigJMxOWfjgILmjqjojZDpgInphY1FWDHnsonnopfvvIjkuK3lv6vmtYHpgJ_vvInvvJvkuZ_lj6_nlKjmoIfphY0xOOKAkzIwZ-eyieeil--8iOS4rea1gemAn--8ieW5tuWeq-S4iuS4i-a7pOe6uOOAgeeglOejqOS7i-S6juaJi-WGsuS4juaEj-W8j-S5i-mXtOOAglR1cmJvL-Wkp-a2sumHj-WBj-S4reW_q-a1gemAn--8jOS8mOWFiEVYMe-8m-eyieeil-S4iuS4i-Weq-a7pOe6uOabtOeos-OAgiDjgJDosIPno6jjgJHnoJTno6jku4vkuo7miYvlhrLkuI7mhI_lvI_kuYvpl7TvvIjlgY_nspfkuo7nu4_lhbjmhI_lvI_vvInjgILlpKfmtrLph4_lj5jmtYHvvIzkuLvmrrXnm67moIfmtYHpgJ_nuqYgMi41IG1sL3PjgILoi6XmtYHpgJ_plb_mnJ_kvY7kuo7nm67moIfihpLosIPnspfvvJvmmI7mmL7pq5jkuo7nm67moIfmiJbov4fmt6HihpLosIPnu4bjgILnsonnopflu7rorq7kuIrkuIvlnqvmu6Tnurjmm7TnqLPjgII=	L3N0YXRpYy9ob3lpL25vbmUucG5n	160	0	0	10	91	1	1	2	20	20	0	25	140	0	0	0	0
factory-v3-091	super	6LaF6JCD5LiJ5q615Yay5Ye7	5Lit5Y6L6aKE5rW4LemrmOWOi-S4u-iQgy3kvY7ljovmlLblsL7vvIzlsYLmrKHlvLrng4jjgIIg44CQ57KJ6YeP57KJ56KX44CR5bu66K6u57KJ6YeP77yaMjDigJMyMWfjgILmjqjojZDmoIfphY0yMOKAkzIyZ-eyieeil--8iOS4rea1gemAn--8ie-8m-WPr-mAiemFjUVYMueyieeil--8iOS4rea1gemAn--8ieS9nOS4uuWQjOa1gemAn-abv-S7o-OAguS4jeW7uuiurkVYMe-8iOS4reW_q-a1gemAn--8ieS7peWFjea1gemAn-i_h-W_q-OAgeiQg-WPluWBj-a1heOAguacrOabsue6v-WBj-aFoi_pq5jpmLvokIPlj5bvvIzkvJjlhYjkuK3mtYHpgJ_nsonnopfku6XnqLPkvY_mjqXop6bml7bpl7TjgIIg44CQ6LCD56Oo44CR56CU56Oo5p6B57uG77yI6LaF6JCD6Lev57q_77yM57uG57KJ5pu05aSa5Lul5ouJ6auY6JCD5Y-W546H77yJ44CC5Li76JCD57qmOWJhcuaho--8jOW7uuiuruaAu-iQg-WPluaXtumXtOe6pjMw4oCTNDBz77yM5p2v5L6n5Ye65ray5YGP5oWi6ICM6L-e57ut44CC6aKE5rW45q616KeC5a-f57KJ5bGC5rW45ram77ya6Iul5b6I5b-r5Za35raML-aXtumXtOaYjuaYvuefreS6jjMwc-KGkuiwg-e7hu-8m-a7tOa7tOetlOetlOaIlui2heaXtuS4pemHjeKGkueVpeiwg-eyl-OAgg==	L3N0YXRpYy9ob3lpL25vbmUucG5n	85	0	0	8	93	0	0	3	50	25	8	95	45	50	15	0	0
factory-v3-092	super	6LaF6JCD5oWi5ru05oSf	5p6B5L2O5rWB6YCf5qih5ouf5ru05ruk5o6l6Kem5oSf77yM6aOO5ZGz5pu05a-G5a6e44CCIOOAkOeyiemHj-eyieeil-OAkeW7uuiurueyiemHj--8mjIw4oCTMjFn44CC5o6o6I2Q5qCH6YWNMjDigJMyMmfnsonnopfvvIjkuK3mtYHpgJ_vvInvvJvlj6_pgInphY1FWDLnsonnopfvvIjkuK3mtYHpgJ_vvInkvZzkuLrlkIzmtYHpgJ_mm7_ku6PjgILkuI3lu7rorq5FWDHvvIjkuK3lv6vmtYHpgJ_vvInku6XlhY3mtYHpgJ_ov4flv6vjgIHokIPlj5blgY_mtYXjgILmnKzmm7Lnur_lgY_mhaIv6auY6Zi76JCD5Y-W77yM5LyY5YWI5Lit5rWB6YCf57KJ56KX5Lul56iz5L2P5o6l6Kem5pe26Ze044CCIOOAkOiwg-ejqOOAkeeglOejqOaegee7hu-8iOi2heiQg-i3r-e6v--8jOe7hueyieabtOWkmuS7peaLiemrmOiQg-WPlueOh--8ieOAguS4u-auteebruagh-a1gemAn-e6piAxLjUgbWwvc--8iOautea1gemAn--8mjEuNSAvIDEuMCBtbC9z77yJ44CC55uu5qCH5Li75q615rWB6YCf5YGP5L2O44CB5o6l6Kem5pe26Ze05pu06ZW_77yM6Iul5a6e6ZmF5rWB6YCf6L-H5b-r77yI57KJ5bGC6Zi75Yqb5LiN6Laz77yJ6K-36LCD57uG77yb6L-H5oWi5YiZ55Wl6LCD57KX6Ziy6Ze36Ium44CC	L3N0YXRpYy9ob3lpL25vbmUucG5n	90	0	0	10	92	1	1	3	30	25	12	15	50	10	15	0	0
factory-v3-093	super	6LaF6JCD6auY57KJ6YeP	6YWN5ZCI6auY6JCD57KJ56KX5LiO5p6B57uG56CU56Oo44CCIOOAkOeyiemHj-eyieeil-OAkeW7uuiurueyiemHj--8mjIw4oCTMjFn44CC5o6o6I2Q5qCH6YWNMjDigJMyMmfnsonnopfvvIjkuK3mtYHpgJ_vvInvvJvlj6_pgInphY1FWDLnsonnopfvvIjkuK3mtYHpgJ_vvInkvZzkuLrlkIzmtYHpgJ_mm7_ku6PjgILkuI3lu7rorq5FWDHvvIjkuK3lv6vmtYHpgJ_vvInku6XlhY3mtYHpgJ_ov4flv6vjgIHokIPlj5blgY_mtYXjgILmnKzmm7Lnur_lgY_mhaIv6auY6Zi76JCD5Y-W77yM5LyY5YWI5Lit5rWB6YCf57KJ56KX5Lul56iz5L2P5o6l6Kem5pe26Ze044CCIOOAkOiwg-ejqOOAkeeglOejqOaegee7hu-8iOi2heiQg-i3r-e6v--8jOe7hueyieabtOWkmuS7peaLiemrmOiQg-WPlueOh--8ieOAguS4u-iQg-e6pjliYXLmoaPvvIzlu7rorq7mgLvokIPlj5bml7bpl7TnuqYzMOKAkzQwc--8jOadr-S-p-WHuua2suWBj-aFouiAjOi_nue7reOAgumihOa1uOauteinguWvn-eyieWxgua1uOa2pu-8muiLpeW-iOW_q-WWt-a2jC_ml7bpl7TmmI7mmL7nn63kuo4zMHPihpLosIPnu4bvvJvmu7Tmu7TnrZTnrZTmiJbotoXml7bkuKXph43ihpLnlaXosIPnspfjgII=	L3N0YXRpYy9ob3lpL25vbmUucG5n	85	0	0	10	93	0	0	3	40	25	10	90	45	60	15	0	0
factory-v3-094	super	6LaF6JCD5aW25ZKW5by65bqm	6auY5by65bqm5Z-65bqV77yM54mb5aW26aWu5ZOB5Lit5LuN5riF5pmw5Y-v6L6o44CCIOOAkOeyiemHj-eyieeil-OAkeW7uuiurueyiemHj--8mjIw4oCTMjFn44CC5o6o6I2Q5qCH6YWNMjDigJMyMmfnsonnopfvvIjkuK3mtYHpgJ_vvInvvJvlj6_pgInphY1FWDLnsonnopfvvIjkuK3mtYHpgJ_vvInjgILkuIDoiKzkuI3pnIDopoFFWDHjgILmnKzmm7Lnur_kuLrkuK3mtYHpgJ_lj5blkJHvvIzmoIfphY3kuI5FWDLlkIzlsZ7kuK3mtYHpgJ_mm7TnqLPvvJtFWDHku4XlnKjlh7rmtrLlgY_mhaLml7bkvZzkuLrmj5DpgJ_pgInpobnjgILlj4LogIPnsonmtrLmr5TnuqYxOjEuOO-8iOWBnOa2sumHjee6pjM2Z--8ieOAgiDjgJDosIPno6jjgJHnoJTno6jmnoHnu4bvvIjotoXokIPot6_nur_vvIznu4bnsonmm7TlpJrku6Xmi4npq5jokIPlj5bnjofvvInjgILkuLvmrrXnm67moIfmtYHpgJ_nuqYgMy4wIG1sL3PvvIjmrrXmtYHpgJ_vvJozLjAgLyAxLjggbWwvc--8ieOAguS7peS4u-autea1gemAn-S4uuWHhuiwg-ejqO-8muWunumZhea1gemAn-WBj-W_q-KGkuiwg-e7hu-8m-WBj-aFouKGkuiwg-eyl-OAgg==	L3N0YXRpYy9ob3lpL25vbmUucG5n	70	360	0	6	92	1	1	3	30	18	7	30	40	18	12	0	0
factory-v3-095	super	6LaF6JCD55u06aWu5Yay5Ye7	55-t6ICM5by677yM6L-95rGC5Yay5Ye75Yqb5LiO5L2Z6Z-16ZW_5bqm44CCIOOAkOeyiemHj-eyieeil-OAkeW7uuiurueyiemHj--8mjIw4oCTMjFn44CC5o6o6I2Q5qCH6YWNMjDigJMyMmfnsonnopfvvIjkuK3mtYHpgJ_vvInvvJvlj6_pgInphY1FWDLnsonnopfvvIjkuK3mtYHpgJ_vvInkvZzkuLrlkIzmtYHpgJ_mm7_ku6PjgILkuI3lu7rorq5FWDHvvIjkuK3lv6vmtYHpgJ_vvInku6XlhY3mtYHpgJ_ov4flv6vjgIHokIPlj5blgY_mtYXjgILmnKzmm7Lnur_lgY_mhaIv6auY6Zi76JCD5Y-W77yM5LyY5YWI5Lit5rWB6YCf57KJ56KX5Lul56iz5L2P5o6l6Kem5pe26Ze044CCIOOAkOiwg-ejqOOAkeeglOejqOaegee7hu-8iOi2heiQg-i3r-e6v--8jOe7hueyieabtOWkmuS7peaLiemrmOiQg-WPlueOh--8ieOAguS4u-iQg-e6pjliYXLmoaPvvIzlu7rorq7mgLvokIPlj5bml7bpl7TnuqYzMOKAkzQwc--8jOadr-S-p-WHuua2suWBj-aFouiAjOi_nue7reOAgumihOa1uOauteinguWvn-eyieWxgua1uOa2pu-8muiLpeW-iOW_q-WWt-a2jC_ml7bpl7TmmI7mmL7nn63kuo4zMHPihpLosIPnu4bvvJvmu7Tmu7TnrZTnrZTmiJbotoXml7bkuKXph43ihpLnlaXosIPnspfjgII=	L3N0YXRpYy9ob3lpL25vbmUucG5n	55	0	0	8	93	0	0	3	40	18	8	95	28	60	9	0	0
factory-v3-096	super	6LaF6JCD5rC05rip5oyR5oiY	OTTihIPmjJHmiJjpq5jmuKnokIPlj5bnqpflj6PvvIzmlL7lpKfpppnmsJTkuI7lvLrluqbjgIIg44CQ57KJ6YeP57KJ56KX44CR5bu66K6u57KJ6YeP77yaMjDigJMyMWfjgILmjqjojZDmoIfphY0yMOKAkzIyZ-eyieeil--8iOS4rea1gemAn--8ie-8m-WPr-mAiemFjUVYMueyieeil--8iOS4rea1gemAn--8ieS9nOS4uuWQjOa1gemAn-abv-S7o-OAguS4jeW7uuiurkVYMe-8iOS4reW_q-a1gemAn--8ieS7peWFjea1gemAn-i_h-W_q-OAgeiQg-WPluWBj-a1heOAguacrOabsue6v-WBj-aFoi_pq5jpmLvokIPlj5bvvIzkvJjlhYjkuK3mtYHpgJ_nsonnopfku6XnqLPkvY_mjqXop6bml7bpl7TjgIIg44CQ6LCD56Oo44CR56CU56Oo5p6B57uG77yI6LaF6JCD6Lev57q_77yM57uG57KJ5pu05aSa5Lul5ouJ6auY6JCD5Y-W546H77yJ44CC5Li76JCD57qmOWJhcuaho--8jOW7uuiuruaAu-iQg-WPluaXtumXtOe6pjMw4oCTNDBz77yM5p2v5L6n5Ye65ray5YGP5oWi6ICM6L-e57ut44CC6aKE5rW45q616KeC5a-f57KJ5bGC5rW45ram77ya6Iul5b6I5b-r5Za35raML-aXtumXtOaYjuaYvuefreS6jjMwc-KGkuiwg-e7hu-8m-a7tOa7tOetlOetlOaIlui2heaXtuS4pemHjeKGkueVpeiwg-eyl-OAgg==	L3N0YXRpYy9ob3lpL25vbmUucG5n	85	0	0	10	94	0	0	3	30	25	10	90	45	60	15	0	0
factory-v3-097	super	6LaF6JCD5rC05rip5L-d5a6I	OTDihIPmm7Tkv53lrojvvIzpmY3kvY7nhKboi6bpo47pmanvvIzku43kv53mjIHpq5jokIPnrZbnlaXjgIIg44CQ57KJ6YeP57KJ56KX44CR5bu66K6u57KJ6YeP77yaMjDigJMyMWfjgILmjqjojZDmoIfphY0yMOKAkzIyZ-eyieeil--8iOS4rea1gemAn--8ie-8m-WPr-mAiemFjUVYMueyieeil--8iOS4rea1gemAn--8ieS9nOS4uuWQjOa1gemAn-abv-S7o-OAguS4jeW7uuiurkVYMe-8iOS4reW_q-a1gemAn--8ieS7peWFjea1gemAn-i_h-W_q-OAgeiQg-WPluWBj-a1heOAguacrOabsue6v-WBj-aFoi_pq5jpmLvokIPlj5bvvIzkvJjlhYjkuK3mtYHpgJ_nsonnopfku6XnqLPkvY_mjqXop6bml7bpl7TjgIIg44CQ6LCD56Oo44CR56CU56Oo5p6B57uG77yI6LaF6JCD6Lev57q_77yM57uG57KJ5pu05aSa5Lul5ouJ6auY6JCD5Y-W546H77yJ44CC5Li76JCD57qmOWJhcuaho--8jOW7uuiuruaAu-iQg-WPluaXtumXtOe6pjMw4oCTNDBz77yM5p2v5L6n5Ye65ray5YGP5oWi6ICM6L-e57ut44CC6aKE5rW45q616KeC5a-f57KJ5bGC5rW45ram77ya6Iul5b6I5b-r5Za35raML-aXtumXtOaYjuaYvuefreS6jjMwc-KGkuiwg-e7hu-8m-a7tOa7tOetlOetlOaIlui2heaXtuS4pemHjeKGkueVpeiwg-eyl-OAgg==	L3N0YXRpYy9ob3lpL25vbmUucG5n	85	0	0	10	90	0	0	3	30	25	10	90	45	60	15	0	0
factory-v3-098	super	6LaF6JCD5Y-Y5rWB5Zub5q61	5pu057uG5rWB6YCf57yW5o6S77yM6YCC5ZCI6L-b6Zi2546p5a625b6u6LCD44CCIOOAkOeyiemHj-eyieeil-OAkeW7uuiurueyiemHj--8mjIw4oCTMjFn44CC5o6o6I2Q5qCH6YWNMjDigJMyMmfnsonnopfvvIjkuK3mtYHpgJ_vvInvvJvlj6_pgInphY1FWDLnsonnopfvvIjkuK3mtYHpgJ_vvInjgILkuIDoiKzkuI3pnIDopoFFWDHjgILmnKzmm7Lnur_kuLrkuK3mtYHpgJ_lj5blkJHvvIzmoIfphY3kuI5FWDLlkIzlsZ7kuK3mtYHpgJ_mm7TnqLPvvJtFWDHku4XlnKjlh7rmtrLlgY_mhaLml7bkvZzkuLrmj5DpgJ_pgInpobnjgIIg44CQ6LCD56Oo44CR56CU56Oo5p6B57uG77yI6LaF6JCD6Lev57q_77yM57uG57KJ5pu05aSa5Lul5ouJ6auY6JCD5Y-W546H77yJ44CC5Li75q6155uu5qCH5rWB6YCf57qmIDIuNSBtbC9z77yI5q615rWB6YCf77yaMS44IC8gMi41IC8gMS41IG1sL3PvvInjgILku6XkuLvmrrXmtYHpgJ_kuLrlh4bosIPno6jvvJrlrp7pmYXmtYHpgJ_lgY_lv6vihpLosIPnu4bvvJvlgY_mhaLihpLosIPnspfjgII=	L3N0YXRpYy9ob3lpL25vbmUucG5n	95	0	0	8	92	1	1	4	30	20	8	18	25	25	30	15	20
factory-v3-099	super	6LaF6JCD5pS25bC-5p-U5YyW	5Li76JCD5by644CB5pS25bC-5L2O77yM5by65bqm5LiO6aG65Y-j5YW86aG-44CCIOOAkOeyiemHj-eyieeil-OAkeW7uuiurueyiemHj--8mjIw4oCTMjFn44CC5o6o6I2Q5qCH6YWNMjDigJMyMmfnsonnopfvvIjkuK3mtYHpgJ_vvInvvJvlj6_pgInphY1FWDLnsonnopfvvIjkuK3mtYHpgJ_vvInkvZzkuLrlkIzmtYHpgJ_mm7_ku6PjgILkuI3lu7rorq5FWDHvvIjkuK3lv6vmtYHpgJ_vvInku6XlhY3mtYHpgJ_ov4flv6vjgIHokIPlj5blgY_mtYXjgILmnKzmm7Lnur_lgY_mhaIv6auY6Zi76JCD5Y-W77yM5LyY5YWI5Lit5rWB6YCf57KJ56KX5Lul56iz5L2P5o6l6Kem5pe26Ze044CCIOOAkOiwg-ejqOOAkeeglOejqOaegee7hu-8iOi2heiQg-i3r-e6v--8jOe7hueyieabtOWkmuS7peaLiemrmOiQg-WPlueOh--8ieOAguS4u-iQg-e6pjliYXLmoaPvvIzlu7rorq7mgLvokIPlj5bml7bpl7TnuqYzMOKAkzQwc--8jOadr-S-p-WHuua2suWBj-aFouiAjOi_nue7reOAgumihOa1uOauteinguWvn-eyieWxgua1uOa2pu-8muiLpeW-iOW_q-WWt-a2jC_ml7bpl7TmmI7mmL7nn63kuo4zMHPihpLosIPnu4bvvJvmu7Tmu7TnrZTnrZTmiJbotoXml7bkuKXph43ihpLnlaXosIPnspfjgII=	L3N0YXRpYy9ob3lpL25vbmUucG5n	80	0	0	8	92	0	0	3	40	22	8	90	40	45	18	0	0
factory-v3-100	super	6LaF6JCD5a6e6aqM5qGjQQ==	5a6e6aqM5ZCR77ya5Lit5Y6L6ZW_6aKE5rW4K-mrmOWOi-S4u-iQg-OAgiDjgJDnsonph4_nsonnopfjgJHlu7rorq7nsonph4_vvJoyMOKAkzIxZ-OAguaOqOiNkOagh-mFjTIw4oCTMjJn57KJ56KX77yI5Lit5rWB6YCf77yJ77yb5Y-v6YCJ6YWNRVgy57KJ56KX77yI5Lit5rWB6YCf77yJ5L2c5Li65ZCM5rWB6YCf5pu_5Luj44CC5LiN5bu66K6uRVgx77yI5Lit5b-r5rWB6YCf77yJ5Lul5YWN5rWB6YCf6L-H5b-r44CB6JCD5Y-W5YGP5rWF44CC5pys5puy57q_5YGP5oWiL-mrmOmYu-iQg-WPlu-8jOS8mOWFiOS4rea1gemAn-eyieeil-S7peeos-S9j-aOpeinpuaXtumXtOOAgiDjgJDosIPno6jjgJHnoJTno6jmnoHnu4bvvIjotoXokIPot6_nur_vvIznu4bnsonmm7TlpJrku6Xmi4npq5jokIPlj5bnjofvvInjgILkuLvokIPnuqY5YmFy5qGj77yM5bu66K6u5oC76JCD5Y-W5pe26Ze057qmMzDigJM0MHPvvIzmna_kvqflh7rmtrLlgY_mhaLogIzov57nu63jgILpooTmtbjmrrXop4Llr5_nsonlsYLmtbjmtqbvvJroi6Xlvojlv6vllrfmtowv5pe26Ze05piO5pi-55-t5LqOMzBz4oaS6LCD57uG77yb5ru05ru0562U562U5oiW6LaF5pe25Lil6YeN4oaS55Wl6LCD57KX44CC	L3N0YXRpYy9ob3lpL25vbmUucG5n	88	0	0	12	93	0	0	3	50	30	12	95	40	60	18	0	0
